{"stats":{"minecraft:used":{"minecraft:oak_trapdoor":2,"minecraft:cherry_sapling":8,"minecraft:stone_sword":172,"minecraft:chest":3,"minecraft:iron_sword":1,"minecraft:cooked_chicken":3,"minecraft:oak_door":2,"minecraft:torch":59,"minecraft:dirt":71,"butcher:sheep_corpse_item":1,"minecraft:oak_fence_gate":1,"butcher:bonebarrel":1,"minecraft:dark_oak_planks":1,"minecraft:oak_stairs":1,"minecraft:cherry_slab":464,"minecraft:dark_oak_slab":10,"butcher:pighead":1,"orcz:orcagaric":1,"minecraft:stone_brick_stairs":1,"minecraft:stone_bricks":8,"minecraft:red_carpet":13,"minecraft:furnace":2,"minecraft:cooked_beef":6,"minecraft:cherry_log":42,"minecraft:cooked_mutton":1,"minecraft:amethyst_block":14,"minecraft:spruce_door":4,"minecraft:birch_planks":11,"minecraft:stone_pickaxe":55,"minecraft:oak_planks":75,"minecraft:cherry_planks":95,"minecraft:crafting_table":5,"minecraft:white_bed":3,"orcz:orcteeth_tool_sword":3,"minecraft:flower_pot":1,"minecraft:apple":1,"minecraft:cherry_door":7,"minecraft:iron_pickaxe":64,"minecraft:bread":23,"minecraft:stone_axe":870,"minecraft:pink_petals":2,"orcz:bone_1deco":3,"minecraft:cobblestone":15,"minecraft:cherry_stairs":7,"minecraft:cooked_porkchop":8,"minecraft:yellow_bed":15,"minecraft:stripped_cherry_log":7,"minecraft:bone_meal":27,"minecraft:oak_fence":4},"minecraft:mined":{"minecraft:dark_oak_planks":101,"minecraft:red_carpet":13,"butcher:villagercorpse":1,"orcz:orcamanita":6,"minecraft:spruce_planks":95,"minecraft:white_bed":4,"minecraft:cherry_log":197,"minecraft:cherry_sapling":2,"minecraft:stripped_cherry_log":11,"minecraft:brewing_stand":1,"minecraft:spruce_trapdoor":3,"minecraft:granite":1,"minecraft:acacia_log":8,"minecraft:grass_block":22,"butcher:cow_headf":1,"butcher:pighead":1,"orcz:bone_1deco":1,"minecraft:hay_block":12,"butcher:villager_head":1,"minecraft:furnace":3,"minecraft:carrots":5,"minecraft:cobbled_deepslate":1,"minecraft:pumpkin":13,"orcz:orcshroom":1,"minecraft:potted_cherry_sapling":1,"minecraft:potatoes":5,"minecraft:oak_stairs":9,"regions_unexplored:apple_oak_leaves":1,"minecraft:stone":2,"minecraft:cherry_stairs":3,"minecraft:spruce_slab":87,"minecraft:smithing_table":1,"minecraft:oak_slab":7,"minecraft:red_wool":6,"minecraft:cherry_planks":43,"minecraft:smoker":1,"butcher:sheepcorpse":1,"minecraft:spruce_door":5,"minecraft:oak_fence":5,"boh:kindness_flower":1,"minecraft:crafting_table":5,"butcher:brownllamaheadmount":1,"minecraft:torch":21,"minecraft:tall_grass":35,"minecraft:cobblestone":5,"minecraft:sugar_cane":2,"minecraft:oak_planks":63,"minecraft:wall_torch":21,"minecraft:amethyst_block":10,"minecraft:cherry_slab":14,"minecraft:dark_oak_slab":111,"orcz:orcagaric":2,"minecraft:wheat":16,"minecraft:cherry_door":1,"minecraft:stone_brick_stairs":2,"butcher:bonebarrel":1,"minecraft:yellow_bed":19,"minecraft:oak_log":8,"minecraft:grass":337,"regions_unexplored:oak_shrub":1,"minecraft:coal_ore":58,"minecraft:beetroots":1,"minecraft:oak_fence_gate":1,"minecraft:cherry_leaves":40,"minecraft:sand":32,"minecraft:dirt":4,"minecraft:cobweb":2,"minecraft:acacia_planks":18,"minecraft:stone_bricks":9,"minecraft:oak_leaves":6},"minecraft:picked_up":{"minecraft:wooden_axe":1,"minecraft:crafting_table":7,"minecraft:chicken":6,"minecraft:flower_pot":1,"minecraft:smithing_table":1,"minecraft:wooden_pickaxe":3,"minecraft:oak_stairs":9,"minecraft:stripped_cherry_log":11,"minecraft:stone_brick_stairs":1,"minecraft:brewing_stand":3,"minecraft:amethyst_block":386,"minecraft:string":4,"minecraft:oak_trapdoor":2,"minecraft:armor_stand":2,"minecraft:cobbled_deepslate":2,"minecraft:spruce_planks":172,"minecraft:beef":6,"minecraft:poppy":1,"minecraft:iron_pickaxe":1,"minecraft:spruce_slab":48,"minecraft:sugar_cane":4,"minecraft:chest":2,"minecraft:spruce_trapdoor":6,"minecraft:furnace":4,"minecraft:egg":2,"minecraft:stick":23,"minecraft:cherry_stairs":3,"butcher:pighead":1,"minecraft:oak_fence":8,"minecraft:torch":77,"minecraft:acacia_log":8,"butcher:sheep_corpse_item":2,"minecraft:porkchop":9,"minecraft:cherry_log":194,"orcz:orcteeth_armor_armor_boots":1,"minecraft:carrot":5,"minecraft:dark_oak_planks":182,"regions_unexplored:purple_coneflower":2,"minecraft:stone_sword":2,"minecraft:arrow":2,"minecraft:rotten_flesh":2,"minecraft:beetroot_seeds":1,"orcz:orcshroom":3,"minecraft:hay_block":11,"minecraft:mutton":1,"minecraft:white_wool":1,"minecraft:cobblestone":71,"minecraft:birch_log":1,"minecraft:pink_petals":112,"minecraft:feather":4,"minecraft:cooked_beef":12,"orcz:orcteeth":11,"minecraft:cherry_planks":85,"minecraft:leather":3,"butcher:villager_head":1,"minecraft:smoker":1,"minecraft:potato":5,"minecraft:birch_planks":7,"minecraft:oak_log":11,"minecraft:yellow_bed":21,"minecraft:cherry_door":2,"minecraft:dirt":71,"minecraft:red_carpet":13,"minecraft:bone":7,"minecraft:acacia_planks":28,"minecraft:apple":19,"minecraft:stone_bricks":8,"boh:kindness_flower":1,"minecraft:wheat_seeds":51,"orcz:orcteeth_tool_sword":2,"butcher:villager_corpse_item":1,"minecraft:iron_ingot":5,"minecraft:stone_pickaxe":2,"minecraft:oak_planks":94,"butcher:cow_headf":1,"butcher:brownllamaheadmount":1,"minecraft:oak_slab":7,"minecraft:dark_oak_slab":76,"minecraft:cooked_porkchop":4,"minecraft:pumpkin":13,"minecraft:red_wool":6,"orcz:orcagaric":4,"regions_unexplored:oak_shrub":2,"orcz:bone_1deco":1,"orcz:blue_orcshroom":2,"minecraft:sand":30,"minecraft:amethyst_shard":12,"orcz:orcamanita":8,"minecraft:white_bed":4,"minecraft:spruce_door":10,"minecraft:spider_eye":2,"minecraft:stone_axe":1,"butcher:butchersguidebook":3,"minecraft:granite":1,"minecraft:cherry_sapling":61,"minecraft:bread":11,"orcz:ironscrap":2,"minecraft:oak_sapling":3,"minecraft:cherry_slab":74,"butcher:bonebarrel":1,"minecraft:coal":85},"minecraft:killed":{"minecraft:horse":1,"minecraft:chicken":1,"orcz:orcsavagemace":2,"minecraft:pig":1,"orcz:goblinsavagemace":1,"minecraft:sheep":1,"minecraft:zombie":1,"orcz:orcsavage_2sword":1,"orcz:snot":1,"orcz:orcshield":1,"minecraft:cow":3},"minecraft:custom":{"minecraft:mob_kills":14,"minecraft:interact_with_crafting_table":36,"minecraft:open_barrel":3,"minecraft:bell_ring":2,"minecraft:damage_dealt_resisted":1072,"minecraft:leave_game":3,"minecraft:time_since_death":38254,"minecraft:sprint_one_cm":411144,"minecraft:walk_one_cm":734348,"minecraft:drop":126,"minecraft:play_time":170172,"minecraft:deaths":1,"minecraft:sneak_time":3603,"minecraft:walk_under_water_one_cm":2174,"minecraft:jump":1517,"minecraft:walk_on_water_one_cm":7480,"minecraft:total_world_time":170172,"minecraft:interact_with_furnace":34,"minecraft:pot_flower":1,"minecraft:sleep_in_bed":5,"minecraft:time_since_rest":11954,"minecraft:damage_taken":2597,"minecraft:damage_dealt":3595,"minecraft:swim_one_cm":12741,"minecraft:fly_one_cm":294240,"minecraft:open_chest":32,"minecraft:crouch_one_cm":5147,"minecraft:interact_with_smoker":3,"minecraft:fall_one_cm":45843},"minecraft:broken":{"minecraft:stone_sword":1,"minecraft:stone_axe":6},"minecraft:dropped":{"minecraft:bread":17,"minecraft:iron_sword":1,"boh:kindness_flower":1,"minecraft:wheat_seeds":2,"minecraft:cherry_log":7,"minecraft:cooked_beef":4,"minecraft:cooked_porkchop":5,"minecraft:dark_oak_slab":25,"minecraft:oak_fence":2,"minecraft:feather":4,"minecraft:cobblestone":28,"orcz:blue_orcshroom":1,"minecraft:granite":1,"orcz:orcteeth_armor_armor_boots":1,"minecraft:spruce_door":4,"minecraft:stick":5,"minecraft:brewing_stand":1,"butcher:villager_corpse_item":1,"minecraft:wooden_axe":1,"minecraft:cherry_planks":70,"minecraft:oak_stairs":1,"minecraft:string":4,"minecraft:white_wool":1,"minecraft:acacia_planks":36,"minecraft:armor_stand":1,"minecraft:oak_door":2,"minecraft:sugar_cane":4,"minecraft:cobbled_deepslate":1,"minecraft:rotten_flesh":2,"orcz:orcamanita":4,"minecraft:oak_planks":24,"orcz:orcteeth_tool_sword":1,"minecraft:cherry_slab":24,"regions_unexplored:oak_shrub":1,"orcz:orcshroom":2,"minecraft:white_bed":1,"butcher:sheep_corpse_item":1,"butcher:butchersguidebook":4,"minecraft:poppy":1,"minecraft:spruce_trapdoor":4,"minecraft:yellow_bed":3,"minecraft:oak_sapling":3,"minecraft:chest":2,"minecraft:spider_eye":1,"minecraft:spruce_slab":22,"minecraft:wooden_pickaxe":3},"minecraft:crafted":{"minecraft:cherry_planks":504,"minecraft:oak_door":6,"minecraft:oak_planks":44,"minecraft:cherry_slab":530,"orcz:orcteeth_armor_armor_boots":2,"minecraft:cooked_chicken":3,"minecraft:furnace":1,"minecraft:bone_meal":27,"minecraft:cooked_mutton":1,"minecraft:cherry_stairs":28,"minecraft:chest":3,"minecraft:wheat":99,"minecraft:cooked_beef":7,"minecraft:cooked_porkchop":9,"minecraft:crafting_table":1,"minecraft:iron_sword":1,"minecraft:red_bed":2,"minecraft:birch_planks":4,"minecraft:bone":6,"minecraft:stone_axe":7,"minecraft:bread":33,"minecraft:oak_fence_gate":1,"minecraft:stick":24,"minecraft:iron_ingot":4,"minecraft:iron_pickaxe":1,"minecraft:stone_sword":1,"minecraft:cherry_door":6,"minecraft:acacia_planks":32}},"DataVersion":3465}