{"stats":{"minecraft:used":{"minecraft:oak_trapdoor":2,"minecraft:cherry_sapling":8,"minecraft:stone_sword":172,"minecraft:spruce_planks":4,"minecraft:chest":5,"minecraft:iron_sword":1,"minecraft:cooked_chicken":3,"minecraft:brewing_stand":1,"minecraft:oak_door":2,"minecraft:torch":63,"minecraft:dirt":71,"butcher:sheep_corpse_item":1,"minecraft:oak_fence_gate":1,"butcher:bonebarrel":1,"minecraft:dark_oak_planks":1,"minecraft:oak_stairs":1,"minecraft:cherry_slab":468,"minecraft:dark_oak_slab":10,"butcher:pighead":1,"orcz:orcagaric":1,"minecraft:stone_brick_stairs":1,"minecraft:stone_bricks":8,"minecraft:red_carpet":13,"minecraft:furnace":13,"minecraft:cooked_beef":8,"minecraft:cherry_log":46,"minecraft:cooked_mutton":1,"minecraft:amethyst_block":14,"minecraft:spruce_door":4,"minecraft:birch_planks":11,"minecraft:stone_pickaxe":59,"minecraft:oak_planks":75,"minecraft:cherry_planks":109,"minecraft:red_bed":9,"minecraft:crafting_table":8,"minecraft:white_bed":4,"minecraft:smoker":2,"minecraft:oak_log":1,"orcz:orcteeth_tool_sword":3,"minecraft:flower_pot":1,"minecraft:apple":1,"minecraft:cherry_door":8,"minecraft:iron_pickaxe":75,"minecraft:bread":23,"minecraft:stone_axe":897,"minecraft:pink_petals":2,"orcz:bone_1deco":3,"minecraft:cobblestone":15,"minecraft:cherry_stairs":8,"minecraft:smithing_table":2,"minecraft:cooked_porkchop":8,"minecraft:yellow_bed":20,"minecraft:stripped_cherry_log":7,"minecraft:bone_meal":27,"minecraft:oak_fence":4},"minecraft:mined":{"minecraft:dark_oak_planks":101,"minecraft:red_carpet":13,"butcher:villagercorpse":1,"orcz:orcamanita":6,"minecraft:spruce_planks":99,"minecraft:white_bed":6,"minecraft:cherry_log":197,"minecraft:cherry_sapling":2,"minecraft:stripped_cherry_log":11,"minecraft:brewing_stand":1,"minecraft:spruce_trapdoor":3,"minecraft:granite":1,"minecraft:acacia_log":8,"minecraft:grass_block":22,"butcher:cow_headf":1,"butcher:pighead":1,"orcz:bone_1deco":1,"minecraft:hay_block":12,"butcher:villager_head":1,"minecraft:furnace":11,"minecraft:carrots":5,"minecraft:cobbled_deepslate":1,"minecraft:pumpkin":13,"orcz:orcshroom":1,"minecraft:potted_cherry_sapling":1,"minecraft:potatoes":5,"minecraft:oak_stairs":12,"regions_unexplored:apple_oak_leaves":1,"minecraft:stone":2,"minecraft:cherry_stairs":3,"minecraft:spruce_slab":87,"minecraft:smithing_table":2,"minecraft:oak_slab":13,"minecraft:red_wool":6,"minecraft:cherry_planks":43,"minecraft:red_bed":7,"minecraft:smoker":2,"butcher:sheepcorpse":1,"minecraft:spruce_door":5,"minecraft:oak_fence":5,"boh:kindness_flower":1,"minecraft:crafting_table":7,"butcher:brownllamaheadmount":1,"minecraft:torch":21,"minecraft:chest":2,"minecraft:tall_grass":35,"minecraft:cobblestone":5,"minecraft:sugar_cane":2,"minecraft:oak_planks":66,"minecraft:wall_torch":23,"minecraft:amethyst_block":10,"minecraft:cherry_slab":18,"minecraft:dark_oak_slab":111,"orcz:orcagaric":2,"minecraft:wheat":16,"minecraft:cherry_door":1,"minecraft:stone_brick_stairs":2,"butcher:bonebarrel":1,"minecraft:yellow_bed":22,"minecraft:oak_log":12,"minecraft:grass":337,"regions_unexplored:oak_shrub":1,"minecraft:coal_ore":58,"minecraft:beetroots":1,"minecraft:oak_fence_gate":1,"minecraft:cherry_leaves":40,"minecraft:sand":32,"minecraft:dirt":4,"minecraft:cobweb":2,"minecraft:acacia_planks":18,"minecraft:stone_bricks":9,"minecraft:oak_leaves":6},"minecraft:picked_up":{"minecraft:wooden_axe":1,"minecraft:crafting_table":11,"minecraft:chicken":6,"minecraft:flower_pot":1,"minecraft:smithing_table":2,"minecraft:wooden_pickaxe":3,"minecraft:oak_stairs":12,"minecraft:stripped_cherry_log":11,"minecraft:stone_brick_stairs":1,"minecraft:brewing_stand":5,"minecraft:red_bed":8,"minecraft:amethyst_block":756,"minecraft:string":4,"minecraft:oak_trapdoor":2,"minecraft:armor_stand":2,"minecraft:smooth_stone":27,"minecraft:cobbled_deepslate":2,"minecraft:spruce_planks":409,"minecraft:beef":6,"minecraft:poppy":1,"minecraft:iron_pickaxe":1,"minecraft:spruce_slab":57,"minecraft:sugar_cane":4,"minecraft:chest":6,"minecraft:spruce_trapdoor":6,"minecraft:furnace":18,"minecraft:egg":8,"minecraft:stick":37,"minecraft:cherry_stairs":3,"minecraft:oak_door":9,"butcher:pighead":1,"minecraft:oak_fence":12,"minecraft:torch":79,"minecraft:acacia_log":8,"butcher:sheep_corpse_item":2,"minecraft:porkchop":9,"minecraft:cherry_log":194,"orcz:orcteeth_armor_armor_boots":1,"minecraft:carrot":15,"minecraft:dark_oak_planks":231,"regions_unexplored:purple_coneflower":5,"iceandfire:silver_ingot":3,"minecraft:stone_sword":2,"minecraft:arrow":8,"minecraft:rotten_flesh":2,"minecraft:beetroot_seeds":3,"orcz:orcshroom":3,"minecraft:hay_block":11,"minecraft:mutton":1,"minecraft:white_wool":1,"minecraft:cobblestone":95,"minecraft:birch_log":1,"minecraft:pink_petals":222,"minecraft:feather":13,"minecraft:cooked_beef":12,"orcz:orcteeth":11,"minecraft:cherry_planks":85,"minecraft:leather":3,"butcher:villager_head":1,"minecraft:smoker":2,"minecraft:potato":20,"minecraft:birch_planks":7,"minecraft:oak_log":26,"minecraft:yellow_bed":25,"minecraft:lapis_lazuli":3,"minecraft:cherry_door":2,"minecraft:dirt":71,"minecraft:red_carpet":13,"minecraft:bone":7,"minecraft:acacia_planks":60,"minecraft:apple":37,"minecraft:stone_bricks":8,"boh:kindness_flower":1,"minecraft:wheat_seeds":147,"orcz:orcteeth_tool_sword":5,"butcher:villager_corpse_item":1,"minecraft:iron_ingot":5,"minecraft:stone_pickaxe":3,"minecraft:oak_planks":99,"butcher:cow_headf":2,"butcher:brownllamaheadmount":2,"minecraft:oak_slab":34,"minecraft:dark_oak_slab":99,"minecraft:cooked_porkchop":4,"minecraft:pumpkin":52,"minecraft:red_wool":6,"orcz:orcagaric":6,"regions_unexplored:oak_shrub":5,"orcz:bone_1deco":1,"orcz:blue_orcshroom":2,"minecraft:sand":30,"minecraft:amethyst_shard":24,"orcz:orcamanita":10,"butcher:frogsleg":6,"minecraft:white_bed":6,"minecraft:spruce_door":16,"minecraft:spider_eye":2,"minecraft:pumpkin_seeds":4,"minecraft:stone_axe":4,"butcher:butchersguidebook":3,"minecraft:granite":1,"minecraft:cherry_sapling":98,"minecraft:bread":11,"orcz:ironscrap":5,"minecraft:oak_sapling":3,"minecraft:cherry_slab":77,"butcher:bonebarrel":1,"minecraft:coal":116},"minecraft:killed":{"minecraft:horse":1,"minecraft:chicken":1,"orcz:orcsavagemace":2,"minecraft:pig":1,"orcz:goblinsavagemace":1,"minecraft:sheep":1,"minecraft:zombie":1,"orcz:orcsavage_2sword":1,"orcz:snot":1,"orcz:orcshield":1,"minecraft:cow":3},"minecraft:custom":{"minecraft:mob_kills":14,"minecraft:interact_with_crafting_table":39,"minecraft:open_barrel":3,"minecraft:bell_ring":2,"minecraft:damage_dealt_resisted":1072,"minecraft:leave_game":4,"minecraft:time_since_death":54017,"minecraft:sprint_one_cm":411227,"minecraft:walk_one_cm":799781,"minecraft:drop":617,"minecraft:play_time":185935,"minecraft:deaths":1,"minecraft:sneak_time":3618,"minecraft:walk_under_water_one_cm":2174,"minecraft:jump":1525,"minecraft:walk_on_water_one_cm":7480,"minecraft:total_world_time":185935,"minecraft:interact_with_furnace":36,"minecraft:pot_flower":1,"minecraft:sleep_in_bed":8,"minecraft:time_since_rest":9202,"minecraft:damage_taken":2597,"minecraft:damage_dealt":3595,"minecraft:swim_one_cm":12741,"minecraft:fly_one_cm":294240,"minecraft:open_chest":43,"minecraft:crouch_one_cm":5308,"minecraft:interact_with_smoker":3,"minecraft:fall_one_cm":45843},"minecraft:broken":{"minecraft:stone_sword":1,"minecraft:stone_axe":6},"minecraft:dropped":{"minecraft:bread":17,"minecraft:iron_sword":1,"boh:kindness_flower":1,"minecraft:wheat_seeds":50,"minecraft:lapis_lazuli":2,"minecraft:cherry_log":7,"minecraft:cooked_beef":4,"minecraft:oak_log":7,"minecraft:crafting_table":1,"minecraft:cooked_porkchop":5,"minecraft:dark_oak_slab":43,"minecraft:oak_fence":4,"minecraft:feather":10,"minecraft:cobblestone":30,"orcz:orcagaric":2,"orcz:blue_orcshroom":1,"minecraft:apple":9,"minecraft:amethyst_block":308,"minecraft:granite":1,"butcher:frogsleg":4,"orcz:orcteeth_armor_armor_boots":1,"minecraft:spruce_door":8,"minecraft:stick":14,"minecraft:red_bed":1,"minecraft:brewing_stand":2,"butcher:villager_corpse_item":1,"regions_unexplored:purple_coneflower":2,"minecraft:wooden_axe":1,"minecraft:cherry_planks":70,"butcher:cow_headf":1,"minecraft:amethyst_shard":6,"minecraft:oak_stairs":1,"minecraft:pumpkin":26,"minecraft:dark_oak_planks":28,"minecraft:string":4,"minecraft:pink_petals":55,"minecraft:white_wool":1,"minecraft:acacia_planks":52,"minecraft:armor_stand":1,"minecraft:oak_door":8,"minecraft:furnace":3,"minecraft:stone_axe":3,"minecraft:sugar_cane":4,"butcher:brownllamaheadmount":1,"minecraft:cobbled_deepslate":1,"minecraft:rotten_flesh":2,"orcz:orcamanita":5,"minecraft:oak_planks":24,"orcz:orcteeth_tool_sword":3,"minecraft:cherry_slab":24,"regions_unexplored:oak_shrub":3,"orcz:orcshroom":2,"minecraft:white_bed":1,"orcz:ironscrap":2,"minecraft:pumpkin_seeds":2,"minecraft:carrot":5,"butcher:sheep_corpse_item":1,"butcher:butchersguidebook":4,"minecraft:poppy":1,"minecraft:potato":10,"minecraft:spruce_trapdoor":4,"minecraft:spruce_planks":168,"minecraft:beetroot_seeds":1,"iceandfire:silver_ingot":2,"minecraft:yellow_bed":4,"minecraft:oak_sapling":3,"minecraft:chest":4,"minecraft:spider_eye":1,"minecraft:spruce_slab":31,"minecraft:stone_pickaxe":1,"minecraft:arrow":4,"minecraft:wooden_pickaxe":3,"minecraft:oak_slab":17,"minecraft:egg":4},"minecraft:crafted":{"minecraft:cherry_planks":504,"minecraft:oak_door":6,"minecraft:oak_planks":44,"minecraft:cherry_slab":530,"orcz:orcteeth_armor_armor_boots":2,"minecraft:cooked_chicken":3,"minecraft:furnace":1,"minecraft:bone_meal":27,"minecraft:cooked_mutton":1,"minecraft:cherry_stairs":28,"minecraft:chest":3,"minecraft:wheat":99,"minecraft:cooked_beef":7,"minecraft:cooked_porkchop":9,"minecraft:crafting_table":1,"minecraft:iron_sword":1,"minecraft:red_bed":2,"minecraft:birch_planks":4,"minecraft:bone":6,"minecraft:stone_axe":7,"minecraft:bread":33,"minecraft:oak_fence_gate":1,"minecraft:stick":24,"minecraft:iron_ingot":4,"minecraft:iron_pickaxe":1,"minecraft:stone_sword":1,"minecraft:cherry_door":6,"minecraft:acacia_planks":32}},"DataVersion":3465}