{"stats":{"minecraft:killed":{"minecraft:sheep":1,"minecraft:horse":1,"minecraft:cow":1},"minecraft:crafted":{"minecraft:cooked_beef":4,"minecraft:oak_planks":40,"minecraft:cooked_porkchop":8,"minecraft:cooked_chicken":3,"minecraft:furnace":1,"minecraft:birch_planks":4,"minecraft:cooked_mutton":1,"minecraft:bread":33,"minecraft:wheat":99},"minecraft:custom":{"minecraft:interact_with_furnace":15,"minecraft:mob_kills":3,"minecraft:interact_with_crafting_table":2,"minecraft:bell_ring":2,"minecraft:damage_dealt_resisted":325,"minecraft:leave_game":1,"minecraft:time_since_death":27275,"minecraft:sleep_in_bed":1,"minecraft:time_since_rest":5655,"minecraft:sprint_one_cm":98741,"minecraft:damage_taken":810,"minecraft:walk_one_cm":98063,"minecraft:drop":16,"minecraft:damage_dealt":863,"minecraft:fly_one_cm":90202,"minecraft:open_chest":1,"minecraft:crouch_one_cm":105,"minecraft:play_time":27275,"minecraft:sneak_time":18,"minecraft:jump":465,"minecraft:walk_on_water_one_cm":351,"minecraft:total_world_time":27275,"minecraft:fall_one_cm":10241},"minecraft:mined":{"minecraft:white_bed":3,"minecraft:crafting_table":2,"minecraft:torch":2,"minecraft:grass_block":1,"minecraft:cobblestone":2,"minecraft:sugar_cane":2,"minecraft:wall_torch":3,"minecraft:hay_block":12,"minecraft:furnace":3,"minecraft:pumpkin":10,"minecraft:yellow_bed":5,"minecraft:grass":54,"minecraft:dirt":1},"minecraft:picked_up":{"minecraft:wooden_axe":1,"minecraft:birch_log":1,"minecraft:crafting_table":2,"minecraft:feather":4,"minecraft:chicken":5,"minecraft:leather":2,"minecraft:wooden_pickaxe":3,"minecraft:birch_planks":7,"minecraft:oak_log":10,"minecraft:yellow_bed":5,"minecraft:dirt":24,"minecraft:string":2,"minecraft:wheat_seeds":6,"minecraft:beef":3,"minecraft:stone_pickaxe":1,"minecraft:sugar_cane":4,"minecraft:oak_planks":54,"minecraft:furnace":3,"minecraft:stick":4,"minecraft:cooked_porkchop":1,"minecraft:pumpkin":10,"minecraft:torch":23,"minecraft:porkchop":8,"minecraft:white_bed":3,"minecraft:stone_sword":1,"minecraft:rotten_flesh":2,"minecraft:stone_axe":1,"butcher:butchersguidebook":3,"minecraft:hay_block":11,"minecraft:oak_sapling":3,"minecraft:mutton":1,"minecraft:coal":16,"minecraft:cobblestone":38,"minecraft:white_wool":1},"minecraft:dropped":{"minecraft:wheat_seeds":2,"minecraft:cooked_porkchop":4,"minecraft:feather":4,"minecraft:rotten_flesh":2,"butcher:butchersguidebook":3,"minecraft:wooden_axe":1,"minecraft:oak_sapling":3,"minecraft:wooden_pickaxe":3,"minecraft:string":2},"minecraft:used":{"minecraft:stone_sword":44,"minecraft:stone_pickaxe":6,"minecraft:cooked_chicken":3,"minecraft:torch":14,"minecraft:dirt":24,"minecraft:crafting_table":1,"minecraft:white_bed":1,"minecraft:bread":4,"minecraft:stone_axe":12,"minecraft:cobblestone":3,"minecraft:furnace":1,"minecraft:cooked_porkchop":5,"minecraft:yellow_bed":2}},"DataVersion":3465}