{"stats":{"minecraft:crafted":{"minecraft:oak_planks":40,"minecraft:cooked_porkchop":8,"minecraft:cooked_chicken":3,"minecraft:furnace":1,"minecraft:birch_planks":4},"minecraft:killed":{"minecraft:horse":1},"minecraft:custom":{"minecraft:time_since_rest":15275,"minecraft:interact_with_furnace":7,"minecraft:sprint_one_cm":53217,"minecraft:damage_taken":395,"minecraft:walk_one_cm":40495,"minecraft:mob_kills":1,"minecraft:drop":12,"minecraft:damage_dealt":394,"minecraft:interact_with_crafting_table":1,"minecraft:fly_one_cm":56690,"minecraft:crouch_one_cm":105,"minecraft:play_time":15275,"minecraft:sneak_time":18,"minecraft:damage_dealt_resisted":156,"minecraft:jump":266,"minecraft:leave_game":1,"minecraft:time_since_death":15275,"minecraft:total_world_time":15275,"minecraft:fall_one_cm":6498},"minecraft:mined":{"minecraft:furnace":1,"minecraft:pumpkin":10,"minecraft:crafting_table":1,"minecraft:grass":2,"minecraft:grass_block":1,"minecraft:dirt":1,"minecraft:wall_torch":1},"minecraft:picked_up":{"minecraft:wooden_axe":1,"minecraft:birch_log":1,"minecraft:stick":4,"minecraft:crafting_table":1,"minecraft:feather":4,"minecraft:chicken":3,"minecraft:pumpkin":10,"minecraft:torch":20,"minecraft:wooden_pickaxe":3,"minecraft:birch_planks":7,"minecraft:porkchop":8,"minecraft:oak_log":10,"minecraft:string":2,"minecraft:dirt":24,"minecraft:stone_sword":1,"minecraft:rotten_flesh":2,"minecraft:stone_axe":1,"minecraft:wheat_seeds":2,"butcher:butchersguidebook":3,"minecraft:stone_pickaxe":1,"minecraft:oak_sapling":3,"minecraft:oak_planks":54,"minecraft:coal":16,"minecraft:furnace":1,"minecraft:cobblestone":37},"minecraft:dropped":{"minecraft:wheat_seeds":2,"minecraft:wooden_axe":1,"minecraft:oak_sapling":3,"minecraft:feather":4,"minecraft:rotten_flesh":2,"minecraft:wooden_pickaxe":3,"minecraft:string":2,"butcher:butchersguidebook":3},"minecraft:used":{"minecraft:stone_sword":20,"minecraft:stone_pickaxe":1,"minecraft:stone_axe":12,"minecraft:torch":4,"minecraft:dirt":8,"minecraft:furnace":1,"minecraft:cooked_porkchop":3}},"DataVersion":3465}