{"stats":{"minecraft:used":{"minecraft:cooked_mutton":1,"minecraft:stone_sword":143,"minecraft:birch_planks":11,"minecraft:stone_pickaxe":35,"minecraft:oak_planks":56,"minecraft:iron_sword":1,"minecraft:cooked_chicken":3,"minecraft:oak_door":1,"minecraft:torch":43,"minecraft:dirt":25,"minecraft:crafting_table":3,"minecraft:white_bed":1,"minecraft:bread":22,"minecraft:iron_pickaxe":1,"minecraft:stone_axe":26,"orcz:bone_1deco":1,"minecraft:cobblestone":15,"minecraft:furnace":1,"minecraft:cooked_porkchop":5,"minecraft:yellow_bed":2,"minecraft:cooked_beef":1},"minecraft:mined":{"minecraft:white_bed":3,"minecraft:crafting_table":3,"minecraft:torch":15,"minecraft:acacia_log":8,"minecraft:grass_block":2,"minecraft:tall_grass":13,"minecraft:cobblestone":5,"minecraft:oak_planks":2,"minecraft:sugar_cane":2,"orcz:bone_1deco":1,"minecraft:wall_torch":17,"minecraft:hay_block":12,"minecraft:furnace":3,"minecraft:pumpkin":13,"minecraft:yellow_bed":5,"minecraft:grass":93,"minecraft:coal_ore":14,"minecraft:dirt":1,"minecraft:stone":1},"minecraft:picked_up":{"minecraft:wooden_axe":1,"minecraft:birch_log":1,"minecraft:crafting_table":3,"minecraft:feather":4,"minecraft:cooked_beef":4,"orcz:orcteeth":11,"minecraft:chicken":6,"minecraft:leather":3,"minecraft:wooden_pickaxe":3,"minecraft:birch_planks":7,"minecraft:oak_log":10,"minecraft:yellow_bed":5,"minecraft:dirt":25,"minecraft:string":2,"minecraft:bone":2,"minecraft:wheat_seeds":11,"minecraft:stone_pickaxe":1,"minecraft:iron_ingot":5,"minecraft:beef":6,"minecraft:poppy":1,"minecraft:sugar_cane":4,"minecraft:oak_planks":56,"minecraft:egg":2,"minecraft:furnace":3,"minecraft:stick":4,"minecraft:cooked_porkchop":1,"minecraft:pumpkin":13,"minecraft:torch":48,"minecraft:acacia_log":8,"orcz:orcagaric":1,"orcz:bone_1deco":1,"butcher:sheep_corpse_item":1,"minecraft:porkchop":8,"minecraft:white_bed":3,"minecraft:stone_sword":1,"minecraft:arrow":2,"minecraft:rotten_flesh":2,"minecraft:stone_axe":1,"butcher:butchersguidebook":3,"minecraft:hay_block":11,"minecraft:cherry_sapling":5,"minecraft:bread":11,"minecraft:oak_sapling":3,"minecraft:mutton":1,"minecraft:coal":30,"minecraft:white_wool":1,"minecraft:cobblestone":41},"minecraft:killed":{"minecraft:horse":1,"minecraft:sheep":1,"minecraft:zombie":1,"minecraft:chicken":1,"orcz:orcsavagemace":2,"orcz:orcsavage_2sword":1,"orcz:snot":1,"orcz:orcshield":1,"minecraft:cow":3},"minecraft:custom":{"minecraft:interact_with_furnace":27,"minecraft:mob_kills":12,"minecraft:interact_with_crafting_table":9,"minecraft:bell_ring":2,"minecraft:damage_dealt_resisted":1072,"minecraft:leave_game":2,"minecraft:time_since_death":56490,"minecraft:sleep_in_bed":1,"minecraft:time_since_rest":34870,"minecraft:sprint_one_cm":175145,"minecraft:damage_taken":1610,"minecraft:walk_one_cm":213963,"minecraft:drop":34,"minecraft:damage_dealt":3049,"minecraft:fly_one_cm":157352,"minecraft:open_chest":4,"minecraft:crouch_one_cm":701,"minecraft:play_time":56490,"minecraft:sneak_time":874,"minecraft:jump":880,"minecraft:walk_on_water_one_cm":351,"minecraft:interact_with_smoker":2,"minecraft:total_world_time":56490,"minecraft:fall_one_cm":21380},"minecraft:broken":{"minecraft:stone_sword":1},"minecraft:dropped":{"minecraft:bread":17,"minecraft:iron_sword":1,"minecraft:wheat_seeds":2,"minecraft:cooked_beef":4,"minecraft:cooked_porkchop":4,"minecraft:feather":4,"minecraft:rotten_flesh":2,"orcz:orcteeth_armor_armor_boots":1,"minecraft:white_bed":1,"butcher:sheep_corpse_item":1,"butcher:butchersguidebook":3,"minecraft:wooden_axe":1,"minecraft:yellow_bed":1,"minecraft:oak_sapling":3,"minecraft:wooden_pickaxe":3,"minecraft:string":2},"minecraft:crafted":{"minecraft:cooked_beef":7,"minecraft:oak_door":3,"minecraft:oak_planks":40,"minecraft:cooked_porkchop":8,"orcz:orcteeth_armor_armor_boots":2,"minecraft:cooked_chicken":3,"minecraft:iron_sword":1,"minecraft:furnace":1,"minecraft:bone":6,"minecraft:birch_planks":4,"minecraft:bread":33,"minecraft:cooked_mutton":1,"minecraft:iron_pickaxe":1,"minecraft:acacia_planks":32,"minecraft:wheat":99}},"DataVersion":3465}