{"stats":{"minecraft:used":{"minecraft:oak_trapdoor":2,"minecraft:cherry_sapling":8,"minecraft:stone_sword":170,"minecraft:chest":3,"minecraft:iron_sword":1,"minecraft:cooked_chicken":3,"minecraft:oak_door":2,"minecraft:torch":59,"minecraft:dirt":49,"minecraft:oak_fence_gate":1,"butcher:bonebarrel":1,"minecraft:cherry_slab":162,"butcher:pighead":1,"minecraft:dark_oak_slab":9,"orcz:orcagaric":1,"minecraft:stone_brick_stairs":1,"minecraft:stone_bricks":8,"minecraft:furnace":2,"minecraft:cooked_beef":4,"minecraft:cooked_mutton":1,"minecraft:amethyst_block":14,"minecraft:spruce_door":4,"minecraft:birch_planks":11,"minecraft:stone_pickaxe":52,"minecraft:oak_planks":66,"minecraft:cherry_planks":4,"minecraft:crafting_table":4,"minecraft:white_bed":2,"minecraft:flower_pot":1,"orcz:orcteeth_tool_sword":3,"minecraft:apple":1,"minecraft:cherry_door":3,"minecraft:bread":23,"minecraft:iron_pickaxe":55,"minecraft:stone_axe":284,"minecraft:pink_petals":2,"orcz:bone_1deco":3,"minecraft:cobblestone":15,"minecraft:cooked_porkchop":7,"minecraft:yellow_bed":10,"minecraft:bone_meal":27},"minecraft:mined":{"minecraft:dark_oak_planks":63,"minecraft:spruce_planks":59,"minecraft:white_bed":3,"minecraft:cherry_log":55,"minecraft:cherry_sapling":1,"minecraft:brewing_stand":1,"minecraft:spruce_trapdoor":3,"minecraft:granite":1,"minecraft:acacia_log":8,"minecraft:grass_block":2,"butcher:pighead":1,"orcz:bone_1deco":1,"minecraft:hay_block":12,"minecraft:furnace":3,"minecraft:carrots":5,"minecraft:pumpkin":13,"minecraft:potted_cherry_sapling":1,"minecraft:potatoes":5,"minecraft:oak_stairs":1,"regions_unexplored:apple_oak_leaves":1,"minecraft:stone":2,"minecraft:spruce_slab":9,"minecraft:spruce_door":5,"minecraft:oak_fence":2,"boh:kindness_flower":1,"minecraft:crafting_table":3,"minecraft:torch":21,"minecraft:cobblestone":5,"minecraft:tall_grass":35,"minecraft:sugar_cane":2,"minecraft:oak_planks":17,"minecraft:wall_torch":19,"minecraft:amethyst_block":10,"minecraft:cherry_slab":4,"minecraft:dark_oak_slab":24,"minecraft:wheat":16,"minecraft:stone_brick_stairs":2,"minecraft:yellow_bed":11,"butcher:bonebarrel":1,"minecraft:grass":336,"regions_unexplored:oak_shrub":1,"minecraft:coal_ore":58,"minecraft:beetroots":1,"minecraft:cherry_leaves":13,"minecraft:dirt":3,"minecraft:sand":32,"minecraft:cobweb":2,"minecraft:stone_bricks":9,"minecraft:oak_leaves":3},"minecraft:picked_up":{"minecraft:wooden_axe":1,"minecraft:crafting_table":4,"minecraft:flower_pot":1,"minecraft:chicken":6,"minecraft:wooden_pickaxe":3,"minecraft:oak_stairs":2,"minecraft:stone_brick_stairs":1,"minecraft:brewing_stand":2,"minecraft:amethyst_block":200,"minecraft:string":4,"minecraft:oak_trapdoor":2,"minecraft:spruce_planks":57,"minecraft:beef":6,"minecraft:poppy":1,"minecraft:spruce_slab":10,"minecraft:sugar_cane":4,"minecraft:chest":2,"minecraft:spruce_trapdoor":2,"minecraft:furnace":4,"minecraft:egg":2,"minecraft:stick":7,"butcher:pighead":1,"minecraft:oak_fence":2,"minecraft:torch":56,"minecraft:acacia_log":8,"butcher:sheep_corpse_item":1,"minecraft:porkchop":9,"minecraft:cherry_log":53,"minecraft:carrot":5,"minecraft:dark_oak_planks":54,"regions_unexplored:purple_coneflower":1,"minecraft:stone_sword":1,"minecraft:arrow":2,"minecraft:rotten_flesh":2,"minecraft:beetroot_seeds":1,"minecraft:hay_block":11,"minecraft:mutton":1,"minecraft:cobblestone":70,"minecraft:white_wool":1,"minecraft:birch_log":1,"minecraft:pink_petals":57,"minecraft:feather":4,"minecraft:cooked_beef":4,"orcz:orcteeth":11,"minecraft:cherry_planks":24,"minecraft:leather":3,"minecraft:potato":5,"minecraft:birch_planks":7,"minecraft:oak_log":11,"minecraft:yellow_bed":13,"minecraft:dirt":50,"minecraft:bone":3,"minecraft:acacia_planks":4,"minecraft:apple":10,"minecraft:stone_bricks":8,"boh:kindness_flower":1,"minecraft:wheat_seeds":49,"orcz:orcteeth_tool_sword":2,"minecraft:iron_ingot":5,"minecraft:stone_pickaxe":1,"minecraft:oak_planks":69,"minecraft:dark_oak_slab":21,"minecraft:cooked_porkchop":4,"minecraft:pumpkin":13,"orcz:orcagaric":1,"regions_unexplored:oak_shrub":2,"orcz:blue_orcshroom":1,"orcz:bone_1deco":1,"minecraft:sand":30,"minecraft:amethyst_shard":6,"minecraft:spider_eye":1,"minecraft:white_bed":3,"minecraft:spruce_door":10,"minecraft:stone_axe":1,"butcher:butchersguidebook":3,"minecraft:granite":1,"minecraft:cherry_sapling":15,"minecraft:bread":11,"minecraft:oak_sapling":3,"minecraft:cherry_slab":10,"minecraft:coal":74,"butcher:bonebarrel":1},"minecraft:killed":{"minecraft:horse":1,"minecraft:chicken":1,"orcz:orcsavagemace":2,"minecraft:pig":1,"minecraft:sheep":1,"minecraft:zombie":1,"orcz:orcsavage_2sword":1,"orcz:snot":1,"orcz:orcshield":1,"minecraft:cow":3},"minecraft:custom":{"minecraft:mob_kills":13,"minecraft:interact_with_crafting_table":19,"minecraft:open_barrel":3,"minecraft:bell_ring":2,"minecraft:damage_dealt_resisted":1072,"minecraft:leave_game":3,"minecraft:time_since_death":107076,"minecraft:sprint_one_cm":346505,"minecraft:walk_one_cm":474861,"minecraft:drop":100,"minecraft:play_time":107076,"minecraft:sneak_time":1524,"minecraft:walk_under_water_one_cm":2086,"minecraft:jump":1403,"minecraft:walk_on_water_one_cm":7329,"minecraft:total_world_time":107076,"minecraft:interact_with_furnace":34,"minecraft:pot_flower":1,"minecraft:sleep_in_bed":3,"minecraft:time_since_rest":30540,"minecraft:damage_taken":2080,"minecraft:damage_dealt":3518,"minecraft:swim_one_cm":11864,"minecraft:fly_one_cm":287668,"minecraft:open_chest":14,"minecraft:crouch_one_cm":1736,"minecraft:interact_with_smoker":2,"minecraft:fall_one_cm":42653},"minecraft:broken":{"minecraft:stone_sword":1,"minecraft:stone_axe":2},"minecraft:dropped":{"minecraft:bread":17,"minecraft:iron_sword":1,"boh:kindness_flower":1,"minecraft:wheat_seeds":2,"minecraft:cooked_beef":4,"minecraft:cooked_porkchop":5,"minecraft:oak_fence":2,"minecraft:feather":4,"minecraft:cobblestone":28,"minecraft:granite":1,"orcz:orcteeth_armor_armor_boots":1,"minecraft:spruce_door":4,"minecraft:brewing_stand":1,"minecraft:wooden_axe":1,"minecraft:oak_stairs":1,"minecraft:string":4,"minecraft:white_wool":1,"minecraft:acacia_planks":36,"minecraft:oak_door":2,"minecraft:sugar_cane":4,"minecraft:rotten_flesh":2,"minecraft:oak_planks":24,"orcz:orcteeth_tool_sword":1,"regions_unexplored:oak_shrub":1,"minecraft:white_bed":1,"butcher:sheep_corpse_item":1,"butcher:butchersguidebook":3,"minecraft:poppy":1,"minecraft:spruce_trapdoor":2,"minecraft:yellow_bed":3,"minecraft:chest":2,"minecraft:oak_sapling":3,"minecraft:spruce_slab":5,"minecraft:wooden_pickaxe":3},"minecraft:crafted":{"minecraft:cherry_planks":88,"minecraft:oak_door":6,"minecraft:oak_planks":44,"minecraft:cherry_slab":152,"orcz:orcteeth_armor_armor_boots":2,"minecraft:cooked_chicken":3,"minecraft:furnace":1,"minecraft:bone_meal":27,"minecraft:cooked_mutton":1,"minecraft:chest":3,"minecraft:wheat":99,"minecraft:cooked_beef":7,"minecraft:cooked_porkchop":9,"minecraft:crafting_table":1,"minecraft:iron_sword":1,"minecraft:bone":6,"minecraft:birch_planks":4,"minecraft:stone_axe":2,"minecraft:bread":33,"minecraft:oak_fence_gate":1,"minecraft:stick":12,"minecraft:iron_ingot":4,"minecraft:iron_pickaxe":1,"minecraft:stone_sword":1,"minecraft:cherry_door":3,"minecraft:acacia_planks":32}},"DataVersion":3465}