{"stats":{"minecraft:killed":{"minecraft:sheep":1,"minecraft:horse":1,"minecraft:zombie":1,"minecraft:chicken":1,"orcz:orcsavagemace":2,"orcz:orcsavage_2sword":1,"orcz:snot":1,"orcz:orcshield":1,"minecraft:cow":1},"minecraft:crafted":{"minecraft:cooked_beef":4,"minecraft:oak_planks":40,"minecraft:cooked_porkchop":8,"minecraft:cooked_chicken":3,"minecraft:iron_sword":1,"minecraft:furnace":1,"minecraft:birch_planks":4,"minecraft:cooked_mutton":1,"minecraft:bread":33,"minecraft:iron_pickaxe":1,"minecraft:wheat":99},"minecraft:custom":{"minecraft:interact_with_furnace":16,"minecraft:mob_kills":10,"minecraft:interact_with_crafting_table":3,"minecraft:bell_ring":2,"minecraft:damage_dealt_resisted":1072,"minecraft:leave_game":2,"minecraft:time_since_death":46303,"minecraft:sleep_in_bed":1,"minecraft:time_since_rest":24683,"minecraft:sprint_one_cm":154972,"minecraft:damage_taken":1600,"minecraft:walk_one_cm":176552,"minecraft:drop":26,"minecraft:damage_dealt":2720,"minecraft:fly_one_cm":141349,"minecraft:open_chest":4,"minecraft:crouch_one_cm":701,"minecraft:play_time":46303,"minecraft:sneak_time":856,"minecraft:jump":728,"minecraft:walk_on_water_one_cm":351,"minecraft:total_world_time":46303,"minecraft:fall_one_cm":17370},"minecraft:mined":{"minecraft:white_bed":3,"minecraft:crafting_table":2,"minecraft:torch":13,"minecraft:grass_block":1,"minecraft:tall_grass":13,"minecraft:cobblestone":5,"minecraft:sugar_cane":2,"minecraft:wall_torch":15,"minecraft:hay_block":12,"minecraft:furnace":3,"minecraft:pumpkin":13,"minecraft:yellow_bed":5,"minecraft:grass":86,"minecraft:coal_ore":14,"minecraft:dirt":1,"minecraft:stone":1},"minecraft:picked_up":{"minecraft:wooden_axe":1,"minecraft:birch_log":1,"minecraft:crafting_table":2,"minecraft:feather":4,"orcz:orcteeth":11,"minecraft:chicken":6,"minecraft:leather":2,"minecraft:wooden_pickaxe":3,"minecraft:birch_planks":7,"minecraft:oak_log":10,"minecraft:yellow_bed":5,"minecraft:dirt":24,"minecraft:string":2,"minecraft:bone":2,"minecraft:wheat_seeds":10,"minecraft:iron_ingot":5,"minecraft:beef":3,"minecraft:stone_pickaxe":1,"minecraft:poppy":1,"minecraft:sugar_cane":4,"minecraft:oak_planks":54,"minecraft:egg":2,"minecraft:furnace":3,"minecraft:stick":4,"minecraft:cooked_porkchop":1,"minecraft:pumpkin":13,"minecraft:torch":44,"orcz:orcagaric":1,"minecraft:porkchop":8,"minecraft:white_bed":3,"minecraft:stone_sword":1,"minecraft:arrow":2,"minecraft:rotten_flesh":2,"minecraft:stone_axe":1,"butcher:butchersguidebook":3,"minecraft:hay_block":11,"minecraft:cherry_sapling":5,"minecraft:bread":11,"minecraft:oak_sapling":3,"minecraft:mutton":1,"minecraft:coal":30,"minecraft:cobblestone":41,"minecraft:white_wool":1},"minecraft:dropped":{"minecraft:bread":17,"minecraft:iron_sword":1,"minecraft:wheat_seeds":2,"minecraft:cooked_porkchop":4,"minecraft:feather":4,"minecraft:rotten_flesh":2,"butcher:butchersguidebook":3,"minecraft:wooden_axe":1,"minecraft:oak_sapling":3,"minecraft:wooden_pickaxe":3,"minecraft:string":2},"minecraft:used":{"minecraft:cooked_mutton":1,"minecraft:stone_sword":135,"minecraft:stone_pickaxe":29,"minecraft:iron_sword":1,"minecraft:cooked_chicken":3,"minecraft:torch":37,"minecraft:dirt":24,"minecraft:crafting_table":1,"minecraft:white_bed":1,"minecraft:bread":21,"minecraft:stone_axe":12,"minecraft:cobblestone":15,"minecraft:furnace":1,"minecraft:cooked_porkchop":5,"minecraft:yellow_bed":2}},"DataVersion":3465}