{"stats":{"minecraft:custom":{"minecraft:time_since_rest":3275,"minecraft:crouch_one_cm":105,"minecraft:damage_taken":225,"minecraft:play_time":3275,"minecraft:sprint_one_cm":11366,"minecraft:walk_one_cm":12859,"minecraft:sneak_time":9,"minecraft:jump":43,"minecraft:damage_dealt":46,"minecraft:leave_game":1,"minecraft:time_since_death":3275,"minecraft:total_world_time":3275,"minecraft:fly_one_cm":5705,"minecraft:fall_one_cm":627},"minecraft:mined":{"minecraft:grass":1,"minecraft:dirt":1},"minecraft:picked_up":{"minecraft:wooden_axe":1,"minecraft:birch_log":1,"minecraft:stick":3,"minecraft:feather":4,"minecraft:stone_sword":1,"minecraft:chicken":3,"minecraft:rotten_flesh":2,"butcher:butchersguidebook":3,"minecraft:stone_axe":1,"minecraft:wheat_seeds":2,"minecraft:torch":19,"minecraft:wooden_pickaxe":2,"minecraft:birch_planks":7,"minecraft:porkchop":8,"minecraft:stone_pickaxe":1,"minecraft:oak_log":10,"minecraft:oak_sapling":3,"minecraft:oak_planks":54,"minecraft:coal":16,"minecraft:dirt":23,"minecraft:string":2,"minecraft:cobblestone":36},"minecraft:used":{"minecraft:dirt":4}},"DataVersion":3465}