{"stats":{"minecraft:used":{"minecraft:oak_trapdoor":2,"minecraft:stone_sword":170,"minecraft:iron_sword":1,"minecraft:cooked_chicken":3,"minecraft:oak_door":2,"minecraft:torch":47,"minecraft:dirt":25,"minecraft:oak_fence_gate":1,"butcher:bonebarrel":1,"orcz:orcagaric":1,"minecraft:furnace":2,"minecraft:cooked_beef":4,"minecraft:cooked_mutton":1,"minecraft:birch_planks":11,"minecraft:stone_pickaxe":43,"minecraft:oak_planks":66,"minecraft:crafting_table":4,"minecraft:white_bed":2,"minecraft:flower_pot":1,"orcz:orcteeth_tool_sword":3,"minecraft:apple":1,"minecraft:bread":23,"minecraft:iron_pickaxe":42,"minecraft:stone_axe":65,"orcz:bone_1deco":3,"minecraft:cobblestone":15,"minecraft:cooked_porkchop":5,"minecraft:yellow_bed":7},"minecraft:mined":{"minecraft:white_bed":3,"minecraft:brewing_stand":1,"minecraft:spruce_trapdoor":3,"minecraft:granite":1,"minecraft:acacia_log":8,"minecraft:grass_block":2,"orcz:bone_1deco":1,"minecraft:hay_block":12,"minecraft:furnace":3,"minecraft:carrots":5,"minecraft:pumpkin":13,"minecraft:potted_cherry_sapling":1,"minecraft:potatoes":5,"regions_unexplored:apple_oak_leaves":1,"minecraft:stone":2,"minecraft:oak_fence":1,"boh:kindness_flower":1,"minecraft:crafting_table":3,"minecraft:torch":18,"minecraft:cobblestone":5,"minecraft:tall_grass":35,"minecraft:sugar_cane":2,"minecraft:oak_planks":12,"minecraft:wall_torch":18,"minecraft:wheat":16,"minecraft:yellow_bed":8,"butcher:bonebarrel":1,"minecraft:grass":336,"regions_unexplored:oak_shrub":1,"minecraft:coal_ore":58,"minecraft:beetroots":1,"minecraft:dirt":1,"minecraft:sand":32,"minecraft:cobweb":2,"minecraft:oak_leaves":3},"minecraft:picked_up":{"minecraft:wooden_axe":1,"minecraft:crafting_table":3,"minecraft:flower_pot":1,"minecraft:chicken":6,"minecraft:wooden_pickaxe":3,"minecraft:brewing_stand":1,"minecraft:string":4,"minecraft:oak_trapdoor":2,"minecraft:spruce_planks":2,"minecraft:beef":6,"minecraft:poppy":1,"minecraft:sugar_cane":4,"minecraft:spruce_trapdoor":2,"minecraft:furnace":4,"minecraft:egg":2,"minecraft:stick":4,"minecraft:oak_fence":2,"minecraft:torch":52,"minecraft:acacia_log":8,"butcher:sheep_corpse_item":1,"minecraft:porkchop":9,"minecraft:carrot":5,"minecraft:stone_sword":1,"minecraft:arrow":2,"minecraft:rotten_flesh":2,"minecraft:beetroot_seeds":1,"minecraft:hay_block":11,"minecraft:mutton":1,"minecraft:cobblestone":42,"minecraft:white_wool":1,"minecraft:birch_log":1,"minecraft:feather":4,"minecraft:cooked_beef":4,"orcz:orcteeth":11,"minecraft:cherry_planks":24,"minecraft:leather":3,"minecraft:potato":5,"minecraft:birch_planks":7,"minecraft:oak_log":11,"minecraft:yellow_bed":8,"minecraft:dirt":25,"minecraft:bone":3,"minecraft:acacia_planks":4,"minecraft:apple":10,"boh:kindness_flower":1,"minecraft:wheat_seeds":48,"orcz:orcteeth_tool_sword":2,"minecraft:iron_ingot":5,"minecraft:stone_pickaxe":1,"minecraft:oak_planks":65,"minecraft:cooked_porkchop":1,"minecraft:pumpkin":13,"orcz:orcagaric":1,"regions_unexplored:oak_shrub":2,"orcz:bone_1deco":1,"minecraft:sand":30,"minecraft:white_bed":3,"minecraft:stone_axe":1,"butcher:butchersguidebook":3,"minecraft:granite":1,"minecraft:cherry_sapling":6,"minecraft:bread":11,"minecraft:oak_sapling":3,"minecraft:coal":74,"butcher:bonebarrel":1},"minecraft:killed":{"minecraft:horse":1,"minecraft:chicken":1,"orcz:orcsavagemace":2,"minecraft:pig":1,"minecraft:sheep":1,"minecraft:zombie":1,"orcz:orcsavage_2sword":1,"orcz:snot":1,"orcz:orcshield":1,"minecraft:cow":3},"minecraft:custom":{"minecraft:mob_kills":13,"minecraft:interact_with_crafting_table":12,"minecraft:open_barrel":1,"minecraft:bell_ring":2,"minecraft:damage_dealt_resisted":1072,"minecraft:leave_game":2,"minecraft:time_since_death":80490,"minecraft:sprint_one_cm":306287,"minecraft:walk_one_cm":368561,"minecraft:drop":81,"minecraft:play_time":80490,"minecraft:sneak_time":1095,"minecraft:walk_under_water_one_cm":2086,"minecraft:jump":1325,"minecraft:walk_on_water_one_cm":7329,"minecraft:total_world_time":80490,"minecraft:interact_with_furnace":31,"minecraft:pot_flower":1,"minecraft:sleep_in_bed":3,"minecraft:time_since_rest":3954,"minecraft:damage_taken":1849,"minecraft:damage_dealt":3518,"minecraft:swim_one_cm":11864,"minecraft:fly_one_cm":283932,"minecraft:open_chest":9,"minecraft:crouch_one_cm":1072,"minecraft:interact_with_smoker":2,"minecraft:fall_one_cm":41021},"minecraft:broken":{"minecraft:stone_sword":1},"minecraft:crafted":{"minecraft:oak_door":6,"minecraft:oak_planks":44,"orcz:orcteeth_armor_armor_boots":2,"minecraft:cooked_chicken":3,"minecraft:furnace":1,"minecraft:cooked_mutton":1,"minecraft:wheat":99,"minecraft:cooked_beef":7,"minecraft:cooked_porkchop":9,"minecraft:crafting_table":1,"minecraft:iron_sword":1,"minecraft:bone":6,"minecraft:birch_planks":4,"minecraft:stone_axe":1,"minecraft:bread":33,"minecraft:oak_fence_gate":1,"minecraft:stick":12,"minecraft:iron_pickaxe":1,"minecraft:stone_sword":1,"minecraft:acacia_planks":32},"minecraft:dropped":{"minecraft:bread":17,"minecraft:iron_sword":1,"boh:kindness_flower":1,"minecraft:wheat_seeds":2,"minecraft:cooked_beef":4,"minecraft:cooked_porkchop":4,"minecraft:oak_fence":2,"minecraft:feather":4,"minecraft:granite":1,"orcz:orcteeth_armor_armor_boots":1,"minecraft:wooden_axe":1,"minecraft:string":2,"minecraft:white_wool":1,"minecraft:acacia_planks":36,"minecraft:oak_door":2,"minecraft:sugar_cane":4,"minecraft:rotten_flesh":2,"orcz:orcteeth_tool_sword":1,"regions_unexplored:oak_shrub":1,"minecraft:white_bed":1,"butcher:sheep_corpse_item":1,"butcher:butchersguidebook":3,"minecraft:poppy":1,"minecraft:spruce_trapdoor":2,"minecraft:yellow_bed":1,"minecraft:oak_sapling":3,"minecraft:wooden_pickaxe":3}},"DataVersion":3465}