{"stats":{"minecraft:custom":{"minecraft:time_since_rest":279,"minecraft:sprint_one_cm":8320,"minecraft:damage_taken":280,"minecraft:walk_one_cm":42099,"minecraft:mob_kills":6,"minecraft:drop":1,"minecraft:damage_dealt":656,"minecraft:interact_with_crafting_table":2,"minecraft:fly_one_cm":3733,"minecraft:crouch_one_cm":919,"minecraft:play_time":11055,"minecraft:deaths":1,"minecraft:sneak_time":285,"minecraft:jump":104,"minecraft:leave_game":1,"minecraft:time_since_death":243,"minecraft:total_world_time":11055,"minecraft:fall_one_cm":1529},"minecraft:killed":{"minecraft:pig":2,"minecraft:zombie":1,"minecraft:chicken":3},"minecraft:used":{"minecraft:stone_sword":20,"minecraft:stone_pickaxe":67,"minecraft:wooden_pickaxe":13,"minecraft:torch":3,"minecraft:dirt":5,"minecraft:crafting_table":1},"minecraft:crafted":{"minecraft:crafting_table":1,"minecraft:stick":12,"minecraft:wooden_pickaxe":1,"minecraft:stone_pickaxe":1,"minecraft:stone_sword":1,"minecraft:torch":20,"minecraft:birch_planks":20,"minecraft:stone_axe":1},"minecraft:mined":{"minecraft:birch_log":6,"minecraft:grass":2,"minecraft:grass_block":2,"minecraft:coal_ore":21,"minecraft:dirt":9,"minecraft:stone":53,"minecraft:wall_torch":2},"minecraft:picked_up":{"minecraft:wooden_axe":1,"minecraft:birch_log":6,"minecraft:stick":3,"minecraft:feather":4,"minecraft:chicken":4,"minecraft:torch":2,"minecraft:wooden_pickaxe":1,"minecraft:porkchop":8,"minecraft:oak_log":10,"minecraft:dirt":11,"minecraft:rotten_flesh":1,"butcher:butchersguidebook":1,"minecraft:wheat_seeds":1,"minecraft:oak_sapling":1,"minecraft:oak_planks":28,"minecraft:coal":21,"minecraft:cobblestone":44},"minecraft:dropped":{"minecraft:chicken":1}},"DataVersion":3465}