{"stats":{"minecraft:custom":{"minecraft:jump":11,"minecraft:time_since_rest":2380,"minecraft:damage_dealt":6,"minecraft:play_time":2380,"minecraft:time_since_death":2380,"minecraft:walk_one_cm":7483,"minecraft:total_world_time":2380,"minecraft:fall_one_cm":209},"minecraft:used":{"minecraft:dirt":4},"minecraft:crafted":{"minecraft:birch_planks":20,"minecraft:crafting_table":1,"minecraft:stick":4},"minecraft:mined":{"minecraft:birch_log":6,"minecraft:grass":1,"minecraft:grass_block":2,"minecraft:dirt":5},"minecraft:picked_up":{"minecraft:wheat_seeds":1,"minecraft:dirt":7,"minecraft:birch_log":6}},"DataVersion":3465}