{"stats":{"minecraft:custom":{"minecraft:time_since_rest":6083,"minecraft:play_time":6083,"minecraft:sprint_one_cm":22579,"minecraft:damage_taken":165,"minecraft:walk_one_cm":13705,"minecraft:mob_kills":6,"minecraft:jump":84,"minecraft:damage_dealt":809,"minecraft:leave_game":4,"minecraft:time_since_death":6083,"minecraft:total_world_time":6083,"minecraft:fall_one_cm":3739,"minecraft:interact_with_crafting_table":1,"minecraft:fly_one_cm":20686},"minecraft:killed":{"minecraft:zombie":2,"minecraft:chicken":3,"minecraft:zombie_villager":1},"minecraft:used":{"minecraft:wooden_axe":27,"minecraft:crafting_table":2,"minecraft:egg":1},"minecraft:crafted":{"minecraft:oak_planks":40,"minecraft:crafting_table":2,"minecraft:stick":4,"minecraft:wooden_axe":1},"minecraft:mined":{"minecraft:oak_log":16,"minecraft:crafting_table":1},"minecraft:picked_up":{"minecraft:feather":3,"minecraft:crafting_table":1,"minecraft:chicken":3,"minecraft:rotten_flesh":1,"iceandfire:rotten_egg":1,"minecraft:oak_log":16,"minecraft:egg":3}},"DataVersion":3465}