{"stats":{"minecraft:killed":{"minecraft:pig":3,"minecraft:spider":1,"minecraft:skeleton":2,"minecraft:sheep":1,"minecraft:zombie":1,"minecraft:chicken":1,"orcz:orcsavage_2sword":1,"minecraft:villager":1,"minecraft:cow":2},"minecraft:crafted":{"minecraft:cooked_beef":3,"minecraft:oak_planks":92,"minecraft:cooked_porkchop":5,"minecraft:crafting_table":1,"minecraft:wooden_pickaxe":1,"minecraft:iron_sword":1,"minecraft:furnace":2,"minecraft:birch_planks":48,"minecraft:stone_axe":1,"minecraft:cooked_mutton":1,"minecraft:air":0,"minecraft:stick":8,"minecraft:iron_ingot":4,"minecraft:stone_pickaxe":1},"minecraft:custom":{"minecraft:interact_with_furnace":29,"minecraft:mob_kills":13,"minecraft:interact_with_crafting_table":7,"minecraft:damage_dealt_resisted":556,"minecraft:time_since_death":29093,"minecraft:sleep_in_bed":1,"minecraft:time_since_rest":5627,"minecraft:sprint_one_cm":60989,"minecraft:damage_taken":1357,"minecraft:walk_one_cm":144078,"minecraft:drop":5,"minecraft:damage_dealt":2361,"minecraft:talked_to_villager":1,"minecraft:fly_one_cm":86254,"minecraft:open_chest":1,"minecraft:crouch_one_cm":588,"minecraft:play_time":29093,"minecraft:sneak_time":183,"minecraft:jump":561,"minecraft:walk_on_water_one_cm":14,"minecraft:total_world_time":29093,"minecraft:fall_one_cm":12835},"minecraft:mined":{"minecraft:white_bed":1,"minecraft:oak_fence":1,"minecraft:crafting_table":2,"minecraft:grass_block":3,"minecraft:hay_block":5,"minecraft:furnace":2,"minecraft:birch_log":18,"minecraft:iron_ore":5,"minecraft:yellow_bed":2,"minecraft:grass":7,"minecraft:oak_log":23,"minecraft:coal_ore":17,"minecraft:dirt":6,"minecraft:stone":37,"minecraft:oak_leaves":2},"minecraft:picked_up":{"minecraft:birch_log":18,"minecraft:crafting_table":2,"orcz:orcteeth":5,"minecraft:chicken":1,"minecraft:leather":3,"minecraft:oak_log":23,"minecraft:yellow_bed":2,"minecraft:dirt":9,"minecraft:bone":2,"minecraft:wheat_seeds":2,"minecraft:beef":4,"minecraft:oak_boat":1,"minecraft:birch_sapling":1,"minecraft:furnace":2,"minecraft:stick":7,"minecraft:raw_iron":6,"minecraft:cooked_porkchop":2,"minecraft:oak_fence":1,"minecraft:porkchop":5,"minecraft:white_bed":1,"minecraft:arrow":4,"minecraft:hay_block":4,"minecraft:oak_sapling":4,"orcz:orceye":1,"minecraft:mutton":1,"minecraft:coal":31,"minecraft:white_wool":1,"minecraft:cobblestone":35},"minecraft:dropped":{"minecraft:birch_sapling":1,"minecraft:oak_sapling":2,"minecraft:oak_boat":1,"minecraft:birch_log":1},"minecraft:used":{"minecraft:cooked_mutton":1,"minecraft:stone_pickaxe":52,"minecraft:oak_planks":4,"minecraft:wooden_pickaxe":10,"minecraft:iron_sword":40,"minecraft:crafting_table":2,"minecraft:stone_axe":56,"minecraft:furnace":4,"minecraft:cooked_porkchop":7,"minecraft:birch_log":5,"minecraft:yellow_bed":1,"minecraft:cooked_beef":3}},"DataVersion":3465}