{"stats":{"minecraft:killed":{"minecraft:pig":3,"minecraft:spider":1,"minecraft:skeleton":3,"minecraft:sheep":4,"minecraft:zombie":3,"minecraft:chicken":1,"orcz:bigorcboss":2,"orcz:orcsavage_2sword":1,"orcz:snot":1,"minecraft:villager":1,"minecraft:cow":2},"minecraft:crafted":{"minecraft:cooked_beef":3,"minecraft:oak_planks":92,"minecraft:cooked_porkchop":5,"minecraft:crafting_table":1,"minecraft:cooked_chicken":7,"minecraft:wooden_pickaxe":1,"minecraft:iron_sword":2,"minecraft:furnace":3,"minecraft:birch_planks":48,"minecraft:stone_axe":1,"minecraft:cooked_mutton":6,"minecraft:air":0,"minecraft:diamond":9,"minecraft:stick":8,"minecraft:iron_ingot":4,"minecraft:stone_pickaxe":1,"minecraft:gold_ingot":9},"minecraft:custom":{"minecraft:interact_with_furnace":36,"minecraft:mob_kills":22,"minecraft:interact_with_crafting_table":13,"minecraft:damage_dealt_resisted":734,"minecraft:leave_game":1,"minecraft:time_since_death":16763,"minecraft:sleep_in_bed":1,"minecraft:time_since_rest":16801,"minecraft:sprint_one_cm":118900,"minecraft:damage_taken":2572,"minecraft:walk_one_cm":213112,"minecraft:drop":15,"minecraft:damage_dealt":3682,"minecraft:swim_one_cm":1182,"minecraft:talked_to_villager":1,"minecraft:fly_one_cm":189330,"minecraft:open_chest":3,"minecraft:crouch_one_cm":1098,"minecraft:play_time":48503,"minecraft:deaths":1,"minecraft:sneak_time":299,"minecraft:walk_under_water_one_cm":244,"minecraft:jump":1024,"minecraft:walk_on_water_one_cm":599,"minecraft:total_world_time":48503,"minecraft:fall_one_cm":34675},"minecraft:mined":{"minecraft:white_bed":1,"iceandfire:silver_ore":1,"minecraft:oak_fence":1,"minecraft:crafting_table":2,"minecraft:grass_block":3,"minecraft:tall_grass":1,"minecraft:hay_block":5,"minecraft:furnace":3,"minecraft:birch_log":18,"minecraft:iron_ore":7,"minecraft:yellow_bed":2,"minecraft:grass":8,"minecraft:oak_log":23,"minecraft:coal_ore":17,"minecraft:dirt":6,"minecraft:stone":38,"minecraft:oak_leaves":2},"minecraft:picked_up":{"minecraft:birch_log":18,"minecraft:charcoal":4,"minecraft:crafting_table":3,"orcz:orcteeth":51,"minecraft:chicken":3,"minecraft:leather":6,"minecraft:wooden_pickaxe":1,"minecraft:gold_block":1,"minecraft:birch_planks":37,"minecraft:oak_log":23,"minecraft:yellow_bed":3,"minecraft:oak_trapdoor":2,"minecraft:dirt":9,"minecraft:bone":4,"minecraft:wheat_seeds":9,"minecraft:iron_ingot":4,"minecraft:beef":4,"minecraft:stone_pickaxe":1,"minecraft:oak_boat":1,"minecraft:birch_sapling":1,"minecraft:furnace":3,"minecraft:stick":15,"minecraft:raw_iron":9,"minecraft:cooked_porkchop":2,"minecraft:oak_fence":5,"minecraft:torch":1,"minecraft:porkchop":5,"orcz:orchorn":5,"minecraft:white_bed":2,"minecraft:diamond_block":1,"minecraft:arrow":4,"minecraft:rotten_flesh":2,"minecraft:diamond":14,"minecraft:stone_axe":1,"butcher:butchersguidebook":1,"orcz:orcshroom":1,"minecraft:hay_block":8,"minecraft:cherry_sapling":4,"minecraft:gold_ingot":9,"minecraft:bread":8,"iceandfire:raw_silver":1,"minecraft:oak_sapling":6,"orcz:orceye":2,"minecraft:mutton":6,"minecraft:coal":121,"minecraft:white_wool":5,"minecraft:cobblestone":49},"minecraft:dropped":{"minecraft:birch_sapling":1,"minecraft:cherry_sapling":4,"minecraft:oak_sapling":2,"minecraft:oak_boat":1,"minecraft:wooden_pickaxe":1,"minecraft:birch_log":1,"minecraft:gold_ingot":9,"orcz:orchorn":4},"minecraft:used":{"minecraft:cooked_mutton":5,"minecraft:stone_pickaxe":57,"minecraft:oak_planks":4,"minecraft:wooden_pickaxe":10,"minecraft:iron_sword":52,"minecraft:cooked_chicken":7,"minecraft:crafting_table":3,"minecraft:bread":11,"minecraft:stone_axe":69,"minecraft:furnace":5,"minecraft:cooked_porkchop":7,"minecraft:birch_log":5,"minecraft:yellow_bed":1,"minecraft:cooked_beef":3},"minecraft:killed_by":{"minecraft:iron_golem":1}},"DataVersion":3465}