{"stats":{"minecraft:killed":{"minecraft:pig":3,"minecraft:spider":1,"minecraft:skeleton":2,"minecraft:sheep":4,"minecraft:zombie":2,"minecraft:chicken":1,"orcz:bigorcboss":2,"orcz:orcsavage_2sword":1,"orcz:snot":1,"minecraft:villager":1,"minecraft:cow":2},"minecraft:crafted":{"minecraft:cooked_beef":3,"minecraft:oak_planks":92,"minecraft:cooked_porkchop":5,"minecraft:crafting_table":1,"minecraft:wooden_pickaxe":1,"minecraft:iron_sword":2,"minecraft:furnace":2,"minecraft:birch_planks":48,"minecraft:stone_axe":1,"minecraft:cooked_mutton":1,"minecraft:air":0,"minecraft:diamond":9,"minecraft:stick":8,"minecraft:iron_ingot":4,"minecraft:stone_pickaxe":1,"minecraft:gold_ingot":9},"minecraft:custom":{"minecraft:interact_with_furnace":29,"minecraft:mob_kills":20,"minecraft:interact_with_crafting_table":8,"minecraft:damage_dealt_resisted":734,"minecraft:time_since_death":9353,"minecraft:sleep_in_bed":1,"minecraft:time_since_rest":9391,"minecraft:sprint_one_cm":108773,"minecraft:damage_taken":2087,"minecraft:walk_one_cm":191263,"minecraft:drop":14,"minecraft:damage_dealt":3371,"minecraft:swim_one_cm":1182,"minecraft:talked_to_villager":1,"minecraft:fly_one_cm":175844,"minecraft:open_chest":3,"minecraft:crouch_one_cm":875,"minecraft:play_time":41093,"minecraft:deaths":1,"minecraft:sneak_time":247,"minecraft:walk_under_water_one_cm":244,"minecraft:jump":923,"minecraft:walk_on_water_one_cm":599,"minecraft:total_world_time":41093,"minecraft:fall_one_cm":32728},"minecraft:mined":{"minecraft:white_bed":1,"minecraft:oak_fence":1,"minecraft:crafting_table":2,"minecraft:grass_block":3,"minecraft:tall_grass":1,"minecraft:hay_block":5,"minecraft:furnace":2,"minecraft:birch_log":18,"minecraft:iron_ore":7,"minecraft:yellow_bed":2,"minecraft:grass":8,"minecraft:oak_log":23,"minecraft:coal_ore":17,"minecraft:dirt":6,"minecraft:stone":38,"minecraft:oak_leaves":2},"minecraft:picked_up":{"minecraft:birch_log":18,"minecraft:charcoal":4,"minecraft:crafting_table":3,"orcz:orcteeth":51,"minecraft:chicken":3,"minecraft:leather":6,"minecraft:wooden_pickaxe":1,"minecraft:gold_block":1,"minecraft:birch_planks":37,"minecraft:oak_log":23,"minecraft:yellow_bed":3,"minecraft:oak_trapdoor":2,"minecraft:dirt":9,"minecraft:bone":4,"minecraft:wheat_seeds":9,"minecraft:iron_ingot":4,"minecraft:beef":4,"minecraft:stone_pickaxe":1,"minecraft:oak_boat":1,"minecraft:birch_sapling":1,"minecraft:furnace":2,"minecraft:stick":15,"minecraft:raw_iron":9,"minecraft:cooked_porkchop":2,"minecraft:oak_fence":5,"minecraft:porkchop":5,"orcz:orchorn":5,"minecraft:white_bed":2,"minecraft:diamond_block":1,"minecraft:arrow":4,"minecraft:rotten_flesh":2,"minecraft:diamond":14,"minecraft:stone_axe":1,"butcher:butchersguidebook":1,"orcz:orcshroom":1,"minecraft:hay_block":8,"minecraft:cherry_sapling":4,"minecraft:gold_ingot":9,"minecraft:bread":8,"minecraft:oak_sapling":6,"orcz:orceye":2,"minecraft:mutton":6,"minecraft:coal":77,"minecraft:white_wool":5,"minecraft:cobblestone":49},"minecraft:dropped":{"minecraft:birch_sapling":1,"minecraft:cherry_sapling":4,"minecraft:oak_sapling":2,"minecraft:oak_boat":1,"minecraft:birch_log":1,"minecraft:gold_ingot":9,"orcz:orchorn":4},"minecraft:used":{"minecraft:cooked_mutton":1,"minecraft:stone_pickaxe":55,"minecraft:oak_planks":4,"minecraft:wooden_pickaxe":10,"minecraft:iron_sword":46,"minecraft:crafting_table":3,"minecraft:bread":10,"minecraft:stone_axe":69,"minecraft:furnace":4,"minecraft:cooked_porkchop":7,"minecraft:birch_log":5,"minecraft:yellow_bed":1,"minecraft:cooked_beef":3},"minecraft:killed_by":{"minecraft:iron_golem":1}},"DataVersion":3465}