{"stats":{"minecraft:killed_by":{"minecraft:iron_golem":1},"minecraft:used":{"minecraft:shield":8,"minecraft:iron_sword":183,"minecraft:cooked_chicken":7,"minecraft:iron_chestplate":1,"minecraft:torch":4,"minecraft:dirt":6,"regions_unexplored:blackwood_boat":1,"minecraft:furnace":8,"minecraft:cooked_beef":9,"minecraft:cooked_mutton":11,"minecraft:stone_pickaxe":63,"minecraft:oak_planks":4,"minecraft:wooden_pickaxe":10,"minecraft:crafting_table":5,"orcz:orcteeth_armor_armor_boots":1,"minecraft:smoker":3,"minecraft:bread":11,"minecraft:iron_pickaxe":65,"minecraft:stone_axe":91,"travelersbackpack:standard":3,"minecraft:cobblestone":16,"minecraft:cooked_porkchop":12,"minecraft:birch_log":5,"minecraft:yellow_bed":1},"minecraft:mined":{"minecraft:white_bed":1,"iceandfire:graveyard_soil":1,"iceandfire:silver_ore":1,"minecraft:grass_block":10,"minecraft:hay_block":5,"minecraft:furnace":5,"minecraft:iron_ore":40,"minecraft:fire":9,"minecraft:vine":1,"minecraft:stripped_acacia_log":4,"minecraft:stone":58,"minecraft:smoker":2,"travelersbackpack:standard":3,"minecraft:oak_fence":1,"boh:kindness_flower":1,"minecraft:crafting_table":4,"regions_unexplored:blackwood_log":7,"minecraft:cobblestone":1,"minecraft:tall_grass":3,"minecraft:oak_planks":1,"minecraft:birch_log":18,"minecraft:yellow_bed":2,"minecraft:grass":31,"minecraft:coal_ore":21,"minecraft:oak_log":23,"minecraft:dirt":13,"minecraft:sand":14,"minecraft:oak_leaves":7},"minecraft:picked_up":{"minecraft:charcoal":4,"minecraft:iron_chestplate":1,"minecraft:crafting_table":6,"minecraft:chainmail_boots":1,"minecraft:chicken":3,"minecraft:wooden_pickaxe":1,"minecraft:gold_block":1,"minecraft:shield":1,"minecraft:oak_trapdoor":2,"minecraft:beef":32,"minecraft:oak_boat":1,"minecraft:iron_pickaxe":1,"minecraft:birch_sapling":1,"regions_unexplored:blackwood_log":6,"minecraft:furnace":6,"regions_unexplored:blackwood_planks":19,"minecraft:raw_iron":54,"minecraft:stick":17,"minecraft:oak_fence":5,"minecraft:torch":9,"minecraft:porkchop":5,"orcz:orchorn":5,"orcz:orcteeth_armor_armor_boots":1,"minecraft:arrow":12,"minecraft:rotten_flesh":10,"orcz:orcshroom":1,"minecraft:hay_block":12,"minecraft:gold_ingot":18,"minecraft:mutton":22,"minecraft:cobblestone":68,"minecraft:white_wool":21,"minecraft:birch_log":18,"minecraft:cooked_beef":30,"orcz:orcteeth":87,"minecraft:leather":37,"butcher:villager_head":1,"minecraft:smoker":2,"minecraft:birch_planks":64,"minecraft:oak_log":23,"minecraft:yellow_bed":4,"minecraft:dirt":20,"minecraft:glass":9,"minecraft:bone":18,"minecraft:apple":8,"boh:kindness_flower":1,"minecraft:bow":2,"minecraft:wheat_seeds":19,"butcher:villager_corpse_item":1,"minecraft:stone_pickaxe":1,"minecraft:iron_ingot":5,"minecraft:iron_sword":1,"minecraft:oak_planks":4,"minecraft:cooked_porkchop":3,"minecraft:sand":85,"minecraft:white_bed":5,"minecraft:diamond_block":1,"travelersbackpack:standard":3,"minecraft:stripped_acacia_log":4,"minecraft:diamond":28,"minecraft:stone_axe":2,"butcher:butchersguidebook":2,"minecraft:cherry_sapling":4,"minecraft:bread":8,"minecraft:oak_sapling":6,"orcz:orceye":2,"minecraft:coal":208,"iceandfire:raw_silver":2},"minecraft:killed":{"minecraft:spider":1,"minecraft:skeleton":7,"minecraft:chicken":1,"minecraft:pig":3,"orcz:goblinsavagemace":3,"minecraft:sheep":10,"minecraft:zombie":8,"iceandfire:ghost":1,"orcz:bigorcboss":2,"orcz:orcsavage_2sword":1,"orcz:snot":1,"minecraft:villager":1,"minecraft:cow":16},"minecraft:custom":{"minecraft:mob_kills":56,"minecraft:interact_with_crafting_table":29,"minecraft:open_barrel":1,"minecraft:damage_dealt_resisted":734,"minecraft:leave_game":1,"minecraft:time_since_death":17690,"minecraft:climb_one_cm":24,"minecraft:sprint_one_cm":321289,"minecraft:walk_one_cm":482902,"minecraft:damage_blocked_by_shield":510,"minecraft:drop":39,"minecraft:talked_to_villager":1,"minecraft:play_time":106801,"minecraft:deaths":2,"minecraft:sneak_time":1859,"minecraft:walk_under_water_one_cm":6737,"minecraft:boat_one_cm":92610,"minecraft:jump":2347,"minecraft:walk_on_water_one_cm":30536,"minecraft:total_world_time":106801,"minecraft:interact_with_furnace":101,"minecraft:sleep_in_bed":1,"minecraft:time_since_rest":17717,"minecraft:damage_taken":3787,"minecraft:trigger_trapped_chest":2,"minecraft:damage_dealt":8055,"minecraft:swim_one_cm":29050,"minecraft:fly_one_cm":484816,"minecraft:open_chest":13,"minecraft:crouch_one_cm":7200,"minecraft:interact_with_smoker":37,"minecraft:fall_one_cm":68369},"minecraft:dropped":{"boh:kindness_flower":1,"minecraft:wheat_seeds":7,"minecraft:cooked_beef":4,"butcher:villager_head":1,"minecraft:oak_fence":4,"orcz:orcteeth_armor_armor_boots":1,"orcz:orceye":1,"minecraft:dirt":5,"minecraft:torch":1,"butcher:villager_corpse_item":1,"minecraft:birch_log":1,"minecraft:gold_ingot":9,"minecraft:oak_trapdoor":2,"minecraft:birch_sapling":1,"minecraft:cherry_sapling":4,"minecraft:rotten_flesh":2,"orcz:orcshroom":1,"minecraft:charcoal":2,"minecraft:oak_sapling":4,"minecraft:oak_boat":1,"minecraft:stone_pickaxe":1,"minecraft:wooden_pickaxe":1,"orcz:orchorn":4},"minecraft:crafted":{"regions_unexplored:blackwood_planks":24,"minecraft:oak_planks":92,"minecraft:cooked_chicken":7,"minecraft:furnace":4,"minecraft:stone":7,"minecraft:cooked_mutton":11,"minecraft:glass":13,"minecraft:diamond":9,"travelersbackpack:white_sleeping_bag":1,"minecraft:stone_pickaxe":1,"minecraft:chest":1,"minecraft:smoker":1,"minecraft:cooked_beef":31,"minecraft:cooked_porkchop":11,"minecraft:crafting_table":2,"travelersbackpack:standard":1,"travelersbackpack:backpack_tank":2,"minecraft:wooden_pickaxe":1,"minecraft:iron_helmet":1,"minecraft:iron_sword":2,"regions_unexplored:blackwood_boat":1,"minecraft:birch_planks":48,"minecraft:stone_axe":1,"minecraft:air":0,"minecraft:shield":1,"minecraft:stick":8,"minecraft:iron_ingot":36,"minecraft:iron_pickaxe":1,"minecraft:iron_leggings":1,"minecraft:gold_ingot":9,"minecraft:torch":12}},"DataVersion":3465}