{"stats":{"minecraft:killed_by":{"minecraft:iron_golem":1},"minecraft:used":{"minecraft:cooked_mutton":11,"minecraft:stone_pickaxe":63,"minecraft:oak_planks":4,"minecraft:wooden_pickaxe":10,"minecraft:iron_sword":143,"minecraft:cooked_chicken":7,"minecraft:iron_chestplate":1,"minecraft:torch":1,"minecraft:crafting_table":5,"regions_unexplored:blackwood_boat":1,"orcz:orcteeth_armor_armor_boots":1,"minecraft:smoker":2,"minecraft:bread":11,"minecraft:iron_pickaxe":11,"minecraft:stone_axe":91,"minecraft:furnace":7,"minecraft:cooked_porkchop":10,"minecraft:birch_log":5,"minecraft:yellow_bed":1,"minecraft:cooked_beef":5},"minecraft:mined":{"minecraft:white_bed":1,"iceandfire:graveyard_soil":1,"iceandfire:silver_ore":1,"minecraft:smoker":2,"boh:kindness_flower":1,"minecraft:oak_fence":1,"minecraft:crafting_table":4,"minecraft:grass_block":5,"regions_unexplored:blackwood_log":7,"minecraft:tall_grass":3,"minecraft:oak_planks":1,"minecraft:hay_block":5,"minecraft:furnace":5,"minecraft:fire":9,"minecraft:birch_log":18,"minecraft:iron_ore":7,"minecraft:yellow_bed":2,"minecraft:grass":31,"minecraft:oak_log":23,"minecraft:coal_ore":20,"minecraft:vine":1,"minecraft:sand":14,"minecraft:stripped_acacia_log":4,"minecraft:dirt":8,"minecraft:stone":44,"minecraft:oak_leaves":6},"minecraft:picked_up":{"minecraft:birch_log":18,"minecraft:charcoal":4,"minecraft:crafting_table":5,"minecraft:cooked_beef":4,"orcz:orcteeth":51,"minecraft:chicken":3,"minecraft:leather":20,"minecraft:wooden_pickaxe":1,"minecraft:smoker":2,"minecraft:birch_planks":37,"minecraft:gold_block":1,"minecraft:oak_log":23,"minecraft:yellow_bed":3,"minecraft:dirt":13,"minecraft:oak_trapdoor":2,"minecraft:glass":1,"minecraft:bone":6,"minecraft:apple":4,"boh:kindness_flower":1,"minecraft:wheat_seeds":14,"minecraft:iron_ingot":4,"minecraft:beef":32,"minecraft:stone_pickaxe":1,"minecraft:oak_boat":1,"regions_unexplored:blackwood_log":6,"minecraft:birch_sapling":1,"minecraft:oak_planks":2,"minecraft:furnace":5,"minecraft:stick":15,"minecraft:raw_iron":9,"minecraft:cooked_porkchop":2,"minecraft:oak_fence":5,"minecraft:torch":1,"minecraft:sand":49,"minecraft:porkchop":5,"orcz:orchorn":5,"orcz:orcteeth_armor_armor_boots":1,"minecraft:white_bed":3,"minecraft:diamond_block":1,"minecraft:stripped_acacia_log":4,"minecraft:arrow":6,"minecraft:rotten_flesh":4,"minecraft:diamond":14,"minecraft:stone_axe":1,"butcher:butchersguidebook":1,"minecraft:hay_block":8,"orcz:orcshroom":1,"minecraft:cherry_sapling":4,"minecraft:gold_ingot":9,"minecraft:bread":8,"minecraft:oak_sapling":6,"orcz:orceye":2,"minecraft:white_wool":11,"minecraft:mutton":15,"minecraft:coal":165,"iceandfire:raw_silver":1,"minecraft:cobblestone":55},"minecraft:killed":{"minecraft:pig":3,"minecraft:spider":1,"minecraft:skeleton":4,"minecraft:sheep":10,"iceandfire:ghost":1,"minecraft:zombie":5,"minecraft:chicken":1,"orcz:bigorcboss":2,"orcz:orcsavage_2sword":1,"orcz:snot":1,"minecraft:villager":1,"minecraft:cow":16},"minecraft:custom":{"minecraft:interact_with_furnace":68,"minecraft:mob_kills":46,"minecraft:interact_with_crafting_table":22,"minecraft:open_barrel":1,"minecraft:damage_dealt_resisted":734,"minecraft:leave_game":1,"minecraft:time_since_death":45061,"minecraft:sleep_in_bed":1,"minecraft:climb_one_cm":24,"minecraft:time_since_rest":45099,"minecraft:sprint_one_cm":257878,"minecraft:damage_taken":3079,"minecraft:walk_one_cm":381544,"minecraft:trigger_trapped_chest":2,"minecraft:drop":36,"minecraft:damage_dealt":6208,"minecraft:swim_one_cm":20303,"minecraft:talked_to_villager":1,"minecraft:fly_one_cm":385746,"minecraft:open_chest":8,"minecraft:crouch_one_cm":2431,"minecraft:play_time":76801,"minecraft:deaths":1,"minecraft:sneak_time":480,"minecraft:boat_one_cm":57015,"minecraft:walk_under_water_one_cm":2870,"minecraft:jump":1865,"minecraft:walk_on_water_one_cm":13004,"minecraft:interact_with_smoker":30,"minecraft:total_world_time":76801,"minecraft:fall_one_cm":56346},"minecraft:dropped":{"boh:kindness_flower":1,"minecraft:wheat_seeds":7,"minecraft:oak_trapdoor":2,"minecraft:cooked_beef":4,"minecraft:birch_sapling":1,"minecraft:cherry_sapling":4,"minecraft:oak_fence":4,"minecraft:rotten_flesh":2,"orcz:orcteeth_armor_armor_boots":1,"orcz:orcshroom":1,"orcz:orceye":1,"minecraft:dirt":4,"minecraft:torch":1,"minecraft:charcoal":2,"minecraft:oak_boat":1,"minecraft:oak_sapling":4,"minecraft:stone_pickaxe":1,"minecraft:wooden_pickaxe":1,"minecraft:birch_log":1,"minecraft:gold_ingot":9,"orcz:orchorn":4},"minecraft:crafted":{"minecraft:cooked_beef":13,"regions_unexplored:blackwood_planks":24,"minecraft:oak_planks":92,"minecraft:cooked_porkchop":11,"minecraft:crafting_table":2,"minecraft:wooden_pickaxe":1,"minecraft:cooked_chicken":7,"minecraft:iron_sword":2,"minecraft:furnace":4,"regions_unexplored:blackwood_boat":1,"minecraft:birch_planks":48,"minecraft:stone_axe":1,"minecraft:cooked_mutton":11,"minecraft:air":0,"minecraft:glass":6,"minecraft:diamond":9,"minecraft:shield":1,"minecraft:stick":8,"minecraft:iron_ingot":7,"minecraft:iron_pickaxe":1,"minecraft:stone_pickaxe":1,"minecraft:gold_ingot":9,"minecraft:torch":12,"minecraft:smoker":1}},"DataVersion":3465}