{"stats":{"minecraft:killed":{"minecraft:sheep":1,"minecraft:pig":3,"minecraft:chicken":1,"minecraft:cow":1},"minecraft:crafted":{"minecraft:cooked_beef":1,"minecraft:oak_planks":92,"minecraft:crafting_table":1,"minecraft:stick":8,"minecraft:wooden_pickaxe":1,"minecraft:stone_pickaxe":1,"minecraft:furnace":2,"minecraft:birch_planks":48,"minecraft:stone_axe":1,"minecraft:cooked_mutton":1,"minecraft:air":0},"minecraft:custom":{"minecraft:time_since_rest":17093,"minecraft:interact_with_furnace":6,"minecraft:sprint_one_cm":37403,"minecraft:damage_taken":28,"minecraft:walk_one_cm":77520,"minecraft:mob_kills":6,"minecraft:drop":5,"minecraft:damage_dealt":609,"minecraft:interact_with_crafting_table":5,"minecraft:fly_one_cm":48113,"minecraft:crouch_one_cm":588,"minecraft:play_time":17093,"minecraft:sneak_time":181,"minecraft:damage_dealt_resisted":549,"minecraft:jump":324,"minecraft:time_since_death":17093,"minecraft:total_world_time":17093,"minecraft:fall_one_cm":6243},"minecraft:mined":{"minecraft:birch_log":18,"minecraft:iron_ore":5,"minecraft:crafting_table":1,"minecraft:grass":5,"minecraft:coal_ore":17,"minecraft:grass_block":3,"minecraft:oak_log":23,"minecraft:dirt":5,"minecraft:stone":36,"minecraft:oak_leaves":2},"minecraft:picked_up":{"minecraft:birch_log":18,"minecraft:raw_iron":5,"minecraft:stick":7,"minecraft:crafting_table":1,"minecraft:chicken":1,"minecraft:leather":2,"minecraft:porkchop":5,"minecraft:oak_log":23,"minecraft:dirt":8,"minecraft:beef":1,"minecraft:oak_boat":1,"minecraft:oak_sapling":4,"minecraft:birch_sapling":1,"minecraft:mutton":1,"minecraft:coal":17,"minecraft:white_wool":1,"minecraft:cobblestone":34},"minecraft:dropped":{"minecraft:birch_sapling":1,"minecraft:oak_boat":1,"minecraft:oak_sapling":2,"minecraft:birch_log":1},"minecraft:used":{"minecraft:cooked_mutton":1,"minecraft:stone_pickaxe":49,"minecraft:oak_planks":4,"minecraft:wooden_pickaxe":10,"minecraft:stone_axe":51,"minecraft:crafting_table":2,"minecraft:furnace":2,"minecraft:birch_log":5,"minecraft:cooked_beef":1}},"DataVersion":3465}