{"stats":{"minecraft:killed_by":{"minecraft:iron_golem":1},"minecraft:used":{"minecraft:shield":8,"minecraft:iron_sword":191,"minecraft:cooked_chicken":7,"minecraft:iron_chestplate":1,"minecraft:torch":4,"minecraft:dirt":6,"regions_unexplored:blackwood_boat":1,"minecraft:furnace":8,"minecraft:cooked_beef":11,"minecraft:cooked_mutton":11,"minecraft:stone_pickaxe":63,"minecraft:oak_planks":4,"minecraft:wooden_pickaxe":10,"minecraft:crafting_table":5,"orcz:orcteeth_armor_armor_boots":1,"minecraft:smoker":3,"minecraft:bread":11,"minecraft:iron_pickaxe":65,"minecraft:stone_axe":91,"travelersbackpack:standard":4,"minecraft:cobblestone":16,"minecraft:cooked_porkchop":12,"minecraft:smithing_table":1,"minecraft:birch_log":5,"minecraft:yellow_bed":1},"minecraft:mined":{"minecraft:white_bed":1,"iceandfire:graveyard_soil":1,"iceandfire:silver_ore":1,"minecraft:grass_block":10,"minecraft:hay_block":5,"minecraft:furnace":5,"minecraft:iron_ore":40,"minecraft:fire":9,"minecraft:vine":1,"minecraft:stripped_acacia_log":4,"minecraft:stone":58,"minecraft:smoker":2,"travelersbackpack:standard":3,"minecraft:oak_fence":1,"boh:kindness_flower":1,"minecraft:crafting_table":4,"regions_unexplored:blackwood_log":7,"minecraft:cobblestone":1,"minecraft:tall_grass":3,"minecraft:oak_planks":1,"minecraft:birch_log":18,"minecraft:yellow_bed":2,"minecraft:grass":31,"minecraft:coal_ore":21,"minecraft:oak_log":23,"minecraft:dirt":13,"minecraft:sand":14,"minecraft:oak_leaves":7},"minecraft:picked_up":{"minecraft:charcoal":4,"minecraft:iron_chestplate":2,"minecraft:crafting_table":6,"minecraft:chainmail_boots":2,"minecraft:chicken":3,"minecraft:wooden_pickaxe":1,"minecraft:gold_block":1,"minecraft:shield":2,"minecraft:oak_trapdoor":2,"minecraft:iron_leggings":1,"minecraft:beef":32,"minecraft:oak_boat":1,"minecraft:iron_pickaxe":2,"minecraft:spruce_slab":3,"minecraft:chest":1,"minecraft:birch_sapling":1,"regions_unexplored:blackwood_log":6,"minecraft:furnace":6,"regions_unexplored:blackwood_planks":26,"minecraft:raw_iron":54,"minecraft:stick":19,"minecraft:oak_fence":5,"minecraft:torch":9,"travelersbackpack:iron_tier_upgrade":1,"minecraft:porkchop":5,"orcz:orchorn":5,"travelersbackpack:crafting_upgrade":1,"orcz:orcteeth_armor_armor_boots":1,"minecraft:arrow":16,"minecraft:rotten_flesh":10,"orcz:orcshroom":1,"minecraft:hay_block":16,"minecraft:gold_ingot":26,"minecraft:mutton":29,"minecraft:cobblestone":68,"minecraft:white_wool":28,"minecraft:birch_log":18,"minecraft:cooked_beef":45,"orcz:orcteeth":122,"minecraft:leather":44,"butcher:villager_head":1,"minecraft:smoker":2,"minecraft:birch_planks":64,"minecraft:oak_log":23,"minecraft:yellow_bed":4,"minecraft:dirt":20,"minecraft:glass":11,"minecraft:bone":26,"minecraft:acacia_planks":8,"minecraft:apple":8,"boh:kindness_flower":1,"minecraft:bow":2,"minecraft:wheat_seeds":23,"butcher:villager_corpse_item":1,"minecraft:stone_pickaxe":1,"minecraft:iron_ingot":8,"minecraft:iron_sword":2,"minecraft:oak_planks":19,"travelersbackpack:blank_upgrade":2,"minecraft:dark_oak_slab":1,"minecraft:cooked_porkchop":4,"minecraft:sand":85,"minecraft:white_bed":7,"minecraft:diamond_block":1,"travelersbackpack:standard":4,"minecraft:stripped_acacia_log":4,"minecraft:diamond":42,"minecraft:stone_axe":3,"butcher:butchersguidebook":2,"minecraft:iron_helmet":1,"minecraft:cherry_sapling":4,"minecraft:bread":8,"minecraft:oak_sapling":6,"orcz:orceye":2,"minecraft:coal":272,"iceandfire:raw_silver":3},"minecraft:killed":{"minecraft:spider":1,"minecraft:skeleton":7,"minecraft:chicken":1,"minecraft:pig":3,"orcz:goblinsavagemace":3,"minecraft:sheep":10,"minecraft:zombie":8,"iceandfire:ghost":1,"orcz:bigorcboss":2,"orcz:orcsavage_2sword":1,"orcz:snot":1,"minecraft:villager":1,"minecraft:cow":16},"minecraft:custom":{"minecraft:interact_with_smithing_table":4,"minecraft:mob_kills":56,"minecraft:interact_with_crafting_table":41,"minecraft:open_barrel":1,"minecraft:damage_dealt_resisted":734,"minecraft:leave_game":2,"minecraft:time_since_death":2590,"minecraft:climb_one_cm":24,"minecraft:sprint_one_cm":332934,"minecraft:walk_one_cm":531471,"minecraft:damage_blocked_by_shield":510,"minecraft:drop":67,"minecraft:talked_to_villager":1,"minecraft:play_time":136097,"minecraft:deaths":3,"minecraft:sneak_time":1992,"minecraft:walk_under_water_one_cm":6737,"minecraft:boat_one_cm":92610,"minecraft:jump":2391,"minecraft:walk_on_water_one_cm":30536,"minecraft:total_world_time":136097,"minecraft:interact_with_furnace":114,"minecraft:sleep_in_bed":1,"minecraft:time_since_rest":2609,"minecraft:damage_taken":4345,"minecraft:trigger_trapped_chest":2,"minecraft:damage_dealt":8388,"minecraft:player_kills":1,"minecraft:swim_one_cm":29050,"minecraft:fly_one_cm":489107,"minecraft:open_chest":17,"minecraft:crouch_one_cm":7563,"minecraft:interact_with_smoker":44,"minecraft:fall_one_cm":68578},"minecraft:dropped":{"boh:kindness_flower":1,"minecraft:wheat_seeds":7,"minecraft:cooked_beef":9,"butcher:villager_head":1,"minecraft:dark_oak_slab":1,"minecraft:oak_fence":4,"orcz:orcteeth_armor_armor_boots":1,"orcz:orceye":1,"minecraft:dirt":5,"minecraft:torch":1,"butcher:villager_corpse_item":1,"minecraft:birch_log":1,"minecraft:gold_ingot":9,"minecraft:oak_trapdoor":2,"minecraft:birch_sapling":1,"minecraft:cherry_sapling":4,"minecraft:rotten_flesh":6,"minecraft:oak_planks":15,"orcz:orcshroom":1,"minecraft:charcoal":2,"minecraft:oak_sapling":4,"minecraft:oak_boat":1,"minecraft:spruce_slab":3,"minecraft:stone_pickaxe":1,"minecraft:wooden_pickaxe":1,"orcz:orchorn":4},"minecraft:crafted":{"regions_unexplored:blackwood_planks":24,"minecraft:oak_planks":92,"travelersbackpack:crafting_upgrade":1,"minecraft:cooked_chicken":7,"minecraft:furnace":4,"minecraft:stone":27,"travelersbackpack:blank_upgrade":4,"minecraft:cooked_mutton":11,"minecraft:glass":24,"minecraft:diamond":9,"travelersbackpack:white_sleeping_bag":1,"minecraft:stone_pickaxe":1,"minecraft:chest":3,"minecraft:smoker":1,"minecraft:cooked_beef":31,"travelersbackpack:iron_tier_upgrade":1,"minecraft:cooked_porkchop":11,"minecraft:crafting_table":3,"travelersbackpack:standard":1,"travelersbackpack:backpack_tank":4,"minecraft:wooden_pickaxe":1,"minecraft:iron_helmet":1,"minecraft:iron_sword":2,"minecraft:smithing_table":1,"regions_unexplored:blackwood_boat":1,"minecraft:birch_planks":48,"minecraft:stone_axe":1,"minecraft:air":0,"minecraft:shield":1,"minecraft:stick":8,"minecraft:iron_ingot":39,"minecraft:iron_pickaxe":1,"minecraft:iron_leggings":1,"minecraft:gold_ingot":9,"minecraft:torch":12}},"DataVersion":3465}