{"stats":{"minecraft:killed_by":{"minecraft:iron_golem":1},"minecraft:used":{"minecraft:cooked_mutton":6,"minecraft:stone_pickaxe":63,"minecraft:oak_planks":4,"minecraft:wooden_pickaxe":10,"minecraft:iron_sword":71,"minecraft:cooked_chicken":7,"minecraft:crafting_table":4,"minecraft:smoker":1,"minecraft:bread":11,"minecraft:stone_axe":78,"minecraft:furnace":6,"minecraft:cooked_porkchop":7,"minecraft:birch_log":5,"minecraft:yellow_bed":1,"minecraft:cooked_beef":5},"minecraft:mined":{"minecraft:white_bed":1,"iceandfire:silver_ore":1,"minecraft:oak_fence":1,"minecraft:crafting_table":2,"minecraft:grass_block":5,"minecraft:tall_grass":2,"minecraft:hay_block":5,"minecraft:furnace":3,"minecraft:birch_log":18,"minecraft:iron_ore":7,"minecraft:yellow_bed":2,"minecraft:grass":24,"minecraft:oak_log":23,"minecraft:coal_ore":17,"minecraft:stripped_acacia_log":4,"minecraft:dirt":8,"minecraft:stone":44,"minecraft:oak_leaves":2},"minecraft:picked_up":{"minecraft:birch_log":18,"minecraft:charcoal":4,"minecraft:crafting_table":3,"minecraft:cooked_beef":4,"orcz:orcteeth":51,"minecraft:chicken":3,"minecraft:leather":13,"minecraft:wooden_pickaxe":1,"minecraft:birch_planks":37,"minecraft:gold_block":1,"minecraft:oak_log":23,"minecraft:yellow_bed":3,"minecraft:dirt":13,"minecraft:oak_trapdoor":2,"minecraft:bone":4,"minecraft:wheat_seeds":10,"minecraft:iron_ingot":4,"minecraft:beef":14,"minecraft:stone_pickaxe":1,"minecraft:oak_boat":1,"minecraft:birch_sapling":1,"minecraft:furnace":3,"minecraft:stick":15,"minecraft:raw_iron":9,"minecraft:cooked_porkchop":2,"minecraft:oak_fence":5,"minecraft:torch":1,"minecraft:porkchop":5,"orcz:orchorn":5,"minecraft:white_bed":3,"minecraft:diamond_block":1,"minecraft:stripped_acacia_log":4,"minecraft:arrow":4,"minecraft:rotten_flesh":2,"minecraft:diamond":14,"minecraft:stone_axe":1,"butcher:butchersguidebook":1,"minecraft:hay_block":8,"orcz:orcshroom":1,"minecraft:cherry_sapling":4,"minecraft:gold_ingot":9,"minecraft:bread":8,"minecraft:oak_sapling":6,"orcz:orceye":2,"minecraft:white_wool":5,"minecraft:mutton":6,"minecraft:coal":121,"iceandfire:raw_silver":1,"minecraft:cobblestone":55},"minecraft:killed":{"minecraft:pig":3,"minecraft:spider":1,"minecraft:skeleton":3,"minecraft:sheep":4,"minecraft:zombie":3,"minecraft:chicken":1,"orcz:bigorcboss":2,"orcz:orcsavage_2sword":1,"orcz:snot":1,"minecraft:villager":1,"minecraft:cow":7},"minecraft:custom":{"minecraft:interact_with_furnace":46,"minecraft:mob_kills":27,"minecraft:interact_with_crafting_table":16,"minecraft:damage_dealt_resisted":734,"minecraft:leave_game":1,"minecraft:time_since_death":21061,"minecraft:sleep_in_bed":1,"minecraft:time_since_rest":21099,"minecraft:sprint_one_cm":126115,"minecraft:damage_taken":2617,"minecraft:walk_one_cm":233607,"minecraft:drop":18,"minecraft:damage_dealt":4181,"minecraft:swim_one_cm":1182,"minecraft:talked_to_villager":1,"minecraft:fly_one_cm":196607,"minecraft:open_chest":3,"minecraft:crouch_one_cm":1098,"minecraft:play_time":52801,"minecraft:deaths":1,"minecraft:sneak_time":299,"minecraft:walk_under_water_one_cm":244,"minecraft:jump":1124,"minecraft:walk_on_water_one_cm":599,"minecraft:interact_with_smoker":6,"minecraft:total_world_time":52801,"minecraft:fall_one_cm":35302},"minecraft:dropped":{"minecraft:wheat_seeds":6,"minecraft:birch_sapling":1,"minecraft:cherry_sapling":4,"minecraft:rotten_flesh":2,"orcz:orcshroom":1,"minecraft:oak_boat":1,"minecraft:oak_sapling":2,"minecraft:wooden_pickaxe":1,"minecraft:birch_log":1,"minecraft:gold_ingot":9,"orcz:orchorn":4},"minecraft:crafted":{"minecraft:cooked_beef":13,"minecraft:oak_planks":92,"minecraft:cooked_porkchop":5,"minecraft:crafting_table":2,"minecraft:wooden_pickaxe":1,"minecraft:cooked_chicken":7,"minecraft:iron_sword":2,"minecraft:furnace":4,"minecraft:birch_planks":48,"minecraft:stone_axe":1,"minecraft:cooked_mutton":6,"minecraft:air":0,"minecraft:diamond":9,"minecraft:stick":8,"minecraft:iron_ingot":4,"minecraft:stone_pickaxe":1,"minecraft:gold_ingot":9,"minecraft:smoker":1}},"DataVersion":3465}