{"stats":{"minecraft:crafted":{"minecraft:birch_planks":48,"minecraft:stone_axe":1,"minecraft:crafting_table":1,"minecraft:stick":8,"minecraft:stone_pickaxe":1,"minecraft:wooden_pickaxe":1},"minecraft:custom":{"minecraft:time_since_rest":5093,"minecraft:play_time":5093,"minecraft:sprint_one_cm":4580,"minecraft:walk_one_cm":15757,"minecraft:sneak_time":2,"minecraft:jump":54,"minecraft:time_since_death":5093,"minecraft:total_world_time":5093,"minecraft:interact_with_crafting_table":3,"minecraft:fall_one_cm":1254,"minecraft:fly_one_cm":7088},"minecraft:mined":{"minecraft:grass":3,"minecraft:grass_block":3,"minecraft:oak_log":17,"minecraft:dirt":5,"minecraft:birch_log":18,"minecraft:stone":27,"minecraft:crafting_table":1},"minecraft:picked_up":{"minecraft:birch_log":18,"minecraft:stick":4,"minecraft:crafting_table":1,"minecraft:oak_log":16,"minecraft:birch_sapling":1,"minecraft:dirt":8,"minecraft:cobblestone":27},"minecraft:used":{"minecraft:stone_axe":24,"minecraft:crafting_table":1,"minecraft:stone_pickaxe":18,"minecraft:wooden_pickaxe":10}},"DataVersion":3465}