{"stats":{"minecraft:used":{"minecraft:wooden_axe":4,"minecraft:wooden_sword":25,"minecraft:crafting_table":2},"minecraft:picked_up":{"minecraft:porkchop":8,"minecraft:oak_log":10},"minecraft:mined":{"minecraft:grass":8,"minecraft:oak_log":10,"minecraft:tall_grass":3,"minecraft:oak_leaves":3},"minecraft:killed":{"minecraft:pig":3},"minecraft:custom":{"minecraft:time_since_rest":4562,"minecraft:interact_with_furnace":1,"minecraft:crouch_one_cm":274,"minecraft:play_time":4562,"minecraft:sprint_one_cm":14056,"minecraft:damage_taken":20,"minecraft:walk_one_cm":17314,"minecraft:sneak_time":17,"minecraft:mob_kills":3,"minecraft:jump":86,"minecraft:damage_dealt":301,"minecraft:time_since_death":4562,"minecraft:total_world_time":4562,"minecraft:interact_with_crafting_table":2,"minecraft:fall_one_cm":1798,"minecraft:fly_one_cm":29646},"minecraft:crafted":{"minecraft:chest":1,"minecraft:wooden_sword":1,"minecraft:oak_planks":40,"minecraft:crafting_table":2,"minecraft:stick":8,"minecraft:wooden_pickaxe":1,"minecraft:wooden_axe":1}},"DataVersion":3465}