{"stats":{"minecraft:used":{"minecraft:stone_sword":14,"minecraft:stone_pickaxe":217,"minecraft:oak_planks":130,"minecraft:ladder":3,"minecraft:chest":2,"minecraft:wooden_pickaxe":48,"minecraft:oak_door":1,"minecraft:white_wool":1,"minecraft:dirt":3,"minecraft:crafting_table":5,"minecraft:white_bed":2,"minecraft:wooden_axe":50,"minecraft:iron_pickaxe":117,"minecraft:stone_axe":75,"minecraft:wooden_sword":68,"minecraft:cooked_porkchop":8,"butcher:hook_block":1,"minecraft:oak_boat":1},"minecraft:mined":{"orcz:orcamanita":2,"minecraft:white_bed":1,"minecraft:crafting_table":3,"minecraft:ladder":3,"minecraft:budding_amethyst":13,"minecraft:calcite":7,"minecraft:grass_block":4,"minecraft:chest":1,"minecraft:copper_ore":8,"minecraft:tall_grass":5,"minecraft:oak_planks":1,"minecraft:diorite":17,"minecraft:amethyst_block":96,"minecraft:seagrass":1,"minecraft:iron_ore":6,"minecraft:andesite":12,"minecraft:pumpkin":3,"minecraft:grass":37,"orcz:blue_orcshroom":1,"minecraft:oak_log":79,"minecraft:small_amethyst_bud":1,"minecraft:gravel":8,"minecraft:dirt":11,"regions_unexplored:medium_grass":1,"minecraft:smooth_basalt":3,"minecraft:stone":197,"minecraft:white_wool":1,"minecraft:oak_leaves":11},"minecraft:picked_up":{"minecraft:crafting_table":3,"minecraft:andesite":12,"minecraft:ladder":3,"minecraft:salmon":4,"minecraft:oak_log":77,"minecraft:amethyst_block":89,"minecraft:dirt":15,"minecraft:string":2,"minecraft:raw_copper":26,"minecraft:bone":2,"minecraft:wheat_seeds":3,"minecraft:beef":1,"minecraft:oak_boat":1,"minecraft:calcite":6,"butcher:hook_block":1,"minecraft:chest":1,"minecraft:oak_planks":23,"minecraft:raw_iron":6,"minecraft:smooth_basalt":3,"minecraft:pumpkin":2,"minecraft:gravel":8,"minecraft:porkchop":14,"orcz:blue_orcshroom":1,"minecraft:amethyst_shard":4,"orcz:orcamanita":2,"minecraft:diorite":17,"minecraft:white_bed":1,"minecraft:rotten_flesh":2,"minecraft:granite":1,"minecraft:gray_wool":1,"minecraft:oak_sapling":3,"minecraft:mutton":8,"minecraft:white_wool":7,"minecraft:cobblestone":196},"minecraft:killed":{"minecraft:pig":5,"minecraft:salmon":5,"minecraft:spider":1,"minecraft:sheep":7,"minecraft:zombie":1,"minecraft:cow":1},"minecraft:custom":{"minecraft:interact_with_furnace":16,"minecraft:mob_kills":20,"minecraft:interact_with_crafting_table":19,"minecraft:time_since_death":46562,"minecraft:climb_one_cm":948,"minecraft:time_since_rest":46562,"minecraft:sprint_one_cm":189684,"minecraft:damage_taken":240,"minecraft:walk_one_cm":210648,"minecraft:drop":14,"minecraft:damage_dealt":1666,"minecraft:swim_one_cm":4998,"minecraft:fly_one_cm":370335,"minecraft:open_chest":14,"minecraft:crouch_one_cm":2310,"minecraft:play_time":46562,"minecraft:sneak_time":631,"minecraft:walk_under_water_one_cm":13310,"minecraft:boat_one_cm":4095,"minecraft:jump":1178,"minecraft:walk_on_water_one_cm":8456,"minecraft:total_world_time":46562,"minecraft:interact_with_smoker":16,"minecraft:fall_one_cm":28828},"minecraft:broken":{"minecraft:stone_pickaxe":1,"minecraft:wooden_sword":1,"minecraft:wooden_axe":1},"minecraft:crafted":{"minecraft:wooden_sword":1,"minecraft:oak_door":3,"minecraft:oak_planks":208,"minecraft:cooked_porkchop":15,"minecraft:crafting_table":2,"minecraft:wooden_pickaxe":1,"minecraft:cooked_salmon":4,"minecraft:stone_axe":1,"minecraft:cooked_mutton":8,"minecraft:air":0,"minecraft:oak_boat":1,"minecraft:ladder":18,"minecraft:stick":64,"minecraft:iron_ingot":2,"minecraft:iron_pickaxe":1,"minecraft:stone_pickaxe":3,"minecraft:wooden_axe":1,"minecraft:stone_sword":1,"minecraft:chest":1,"minecraft:white_bed":1},"minecraft:dropped":{"minecraft:iron_ingot":2,"minecraft:wheat_seeds":3,"minecraft:cooked_porkchop":3,"minecraft:oak_sapling":3,"minecraft:white_wool":3}},"DataVersion":3465}