{"stats":{"minecraft:used":{"minecraft:calcite":11,"minecraft:cooked_mutton":8,"minecraft:stone_sword":117,"minecraft:stone_pickaxe":348,"minecraft:oak_planks":130,"minecraft:ladder":3,"butcher:villager_meat":2,"minecraft:chest":2,"minecraft:wooden_pickaxe":48,"minecraft:cooked_salmon":1,"minecraft:oak_door":1,"minecraft:white_wool":1,"minecraft:dirt":5,"minecraft:crafting_table":5,"minecraft:white_bed":2,"minecraft:wooden_axe":50,"minecraft:chicken":1,"minecraft:iron_pickaxe":282,"minecraft:stone_axe":75,"minecraft:wooden_sword":68,"minecraft:cooked_porkchop":10,"butcher:hook_block":1,"minecraft:oak_boat":1},"minecraft:mined":{"orcz:orcamanita":2,"minecraft:white_bed":1,"iceandfire:silver_ore":3,"regions_unexplored:corpse_flower":3,"regions_unexplored:dropleaf":2,"minecraft:crafting_table":3,"minecraft:ladder":3,"regions_unexplored:bladed_tall_grass":1,"minecraft:budding_amethyst":18,"minecraft:calcite":14,"minecraft:grass_block":6,"minecraft:chest":1,"minecraft:copper_ore":9,"minecraft:tall_grass":5,"regions_unexplored:purple_coneflower":1,"minecraft:lapis_ore":6,"regions_unexplored:argillite_grass_block":2,"minecraft:oak_planks":1,"minecraft:diorite":18,"minecraft:amethyst_block":194,"minecraft:seagrass":1,"regions_unexplored:argillite":6,"boh:spinel_ore_ore":3,"minecraft:iron_ore":18,"minecraft:andesite":15,"minecraft:pumpkin":3,"orcz:orcshroom":1,"minecraft:grass":44,"orcz:blue_orcshroom":1,"minecraft:oak_log":79,"minecraft:small_amethyst_bud":1,"minecraft:sunflower":1,"minecraft:gravel":8,"minecraft:dirt":18,"regions_unexplored:apple_oak_leaves":1,"regions_unexplored:medium_grass":1,"minecraft:smooth_basalt":16,"minecraft:stone":323,"minecraft:white_wool":1,"minecraft:oak_leaves":12},"minecraft:picked_up":{"butcher:villager_meat":2,"minecraft:crafting_table":3,"minecraft:chicken":1,"minecraft:andesite":15,"minecraft:ladder":3,"minecraft:salmon":4,"boh:spinel":3,"minecraft:oak_log":77,"minecraft:cooked_salmon":4,"minecraft:amethyst_block":190,"minecraft:lapis_lazuli":78,"minecraft:dirt":33,"minecraft:string":2,"minecraft:raw_copper":26,"minecraft:cooked_mutton":2,"minecraft:bone":6,"minecraft:wheat_seeds":7,"minecraft:beef":1,"minecraft:oak_boat":1,"minecraft:calcite":15,"minecraft:iron_pickaxe":1,"butcher:hook_block":1,"regions_unexplored:dropleaf":2,"minecraft:chest":1,"minecraft:oak_planks":23,"minecraft:dark_oak_slab":2,"minecraft:stick":24,"minecraft:raw_iron":18,"minecraft:smooth_basalt":25,"regions_unexplored:corpse_flower":5,"minecraft:pumpkin":2,"minecraft:gravel":8,"minecraft:porkchop":18,"orcz:blue_orcshroom":1,"minecraft:amethyst_shard":6,"orcz:orcamanita":2,"minecraft:diorite":18,"minecraft:white_bed":1,"regions_unexplored:argillite":8,"minecraft:stone_sword":1,"minecraft:rotten_flesh":6,"minecraft:tropical_fish":12,"minecraft:stone_axe":1,"orcz:orcshroom":1,"minecraft:granite":1,"minecraft:gray_wool":1,"minecraft:oak_sapling":3,"minecraft:mutton":8,"iceandfire:raw_silver":3,"minecraft:white_wool":7,"minecraft:cobblestone":443,"minecraft:sunflower":2},"minecraft:killed":{"minecraft:pig":7,"minecraft:salmon":5,"minecraft:spider":1,"minecraft:skeleton":1,"minecraft:sheep":7,"minecraft:zombie":2,"minecraft:chicken":1,"minecraft:drowned":1,"minecraft:tropical_fish":1,"minecraft:cow":1},"minecraft:custom":{"minecraft:interact_with_furnace":20,"minecraft:mob_kills":27,"minecraft:interact_with_crafting_table":20,"minecraft:open_barrel":1,"minecraft:leave_game":1,"minecraft:time_since_death":5641,"minecraft:climb_one_cm":948,"minecraft:time_since_rest":5672,"minecraft:sprint_one_cm":265428,"minecraft:damage_taken":1334,"minecraft:walk_one_cm":345517,"minecraft:drop":25,"minecraft:damage_dealt":3022,"minecraft:swim_one_cm":5846,"minecraft:fly_one_cm":414842,"minecraft:open_chest":17,"minecraft:crouch_one_cm":3134,"minecraft:deaths":1,"minecraft:play_time":78005,"minecraft:sneak_time":903,"minecraft:walk_under_water_one_cm":17204,"minecraft:boat_one_cm":4095,"minecraft:jump":1636,"minecraft:walk_on_water_one_cm":20796,"minecraft:total_world_time":78005,"minecraft:interact_with_smoker":16,"minecraft:fall_one_cm":35741},"minecraft:broken":{"minecraft:stone_pickaxe":2,"minecraft:wooden_sword":1,"minecraft:iron_pickaxe":1,"minecraft:wooden_axe":1},"minecraft:crafted":{"minecraft:wooden_sword":1,"minecraft:oak_door":3,"minecraft:oak_planks":208,"minecraft:cooked_porkchop":15,"minecraft:crafting_table":2,"minecraft:wooden_pickaxe":1,"minecraft:cooked_salmon":4,"minecraft:stone_axe":1,"minecraft:cooked_mutton":8,"minecraft:air":0,"minecraft:oak_boat":1,"minecraft:ladder":18,"minecraft:stick":88,"minecraft:iron_ingot":5,"minecraft:iron_pickaxe":2,"minecraft:stone_pickaxe":3,"minecraft:wooden_axe":1,"minecraft:stone_sword":1,"minecraft:chest":1,"minecraft:white_bed":1},"minecraft:dropped":{"minecraft:iron_ingot":2,"minecraft:wheat_seeds":3,"minecraft:cooked_porkchop":5,"minecraft:dark_oak_slab":2,"minecraft:amethyst_block":190,"minecraft:cooked_mutton":2,"orcz:orcshroom":1,"minecraft:oak_sapling":3,"minecraft:amethyst_shard":6,"minecraft:white_wool":3}},"DataVersion":3465}