{"stats":{"minecraft:used":{"minecraft:stone_sword":14,"minecraft:oak_planks":130,"minecraft:ladder":3,"minecraft:chest":1,"minecraft:wooden_pickaxe":20,"minecraft:oak_door":1,"minecraft:white_wool":1,"minecraft:crafting_table":4,"minecraft:white_bed":2,"minecraft:wooden_axe":50,"minecraft:stone_axe":75,"minecraft:wooden_sword":68,"minecraft:cooked_porkchop":7,"butcher:hook_block":1,"minecraft:oak_boat":1},"minecraft:mined":{"minecraft:white_bed":1,"minecraft:crafting_table":3,"minecraft:ladder":3,"minecraft:chest":1,"minecraft:tall_grass":5,"minecraft:oak_planks":1,"minecraft:seagrass":1,"minecraft:pumpkin":3,"minecraft:grass":37,"minecraft:oak_log":79,"regions_unexplored:medium_grass":1,"minecraft:stone":20,"minecraft:white_wool":1,"minecraft:oak_leaves":11},"minecraft:picked_up":{"minecraft:crafting_table":3,"minecraft:ladder":3,"minecraft:salmon":4,"minecraft:oak_log":77,"minecraft:string":2,"minecraft:bone":2,"minecraft:wheat_seeds":3,"minecraft:beef":1,"minecraft:oak_boat":1,"butcher:hook_block":1,"minecraft:chest":1,"minecraft:oak_planks":1,"minecraft:pumpkin":2,"minecraft:porkchop":14,"minecraft:white_bed":1,"minecraft:rotten_flesh":2,"minecraft:granite":1,"minecraft:gray_wool":1,"minecraft:oak_sapling":3,"minecraft:mutton":8,"minecraft:white_wool":7,"minecraft:cobblestone":20},"minecraft:killed":{"minecraft:pig":5,"minecraft:salmon":5,"minecraft:spider":1,"minecraft:sheep":7,"minecraft:zombie":1,"minecraft:cow":1},"minecraft:custom":{"minecraft:interact_with_furnace":10,"minecraft:mob_kills":20,"minecraft:interact_with_crafting_table":14,"minecraft:time_since_death":28562,"minecraft:climb_one_cm":948,"minecraft:time_since_rest":28562,"minecraft:sprint_one_cm":156595,"minecraft:damage_taken":240,"minecraft:walk_one_cm":141941,"minecraft:drop":9,"minecraft:damage_dealt":1666,"minecraft:swim_one_cm":2384,"minecraft:fly_one_cm":364243,"minecraft:open_chest":10,"minecraft:crouch_one_cm":2310,"minecraft:play_time":28562,"minecraft:sneak_time":563,"minecraft:walk_under_water_one_cm":7782,"minecraft:boat_one_cm":4095,"minecraft:jump":1016,"minecraft:walk_on_water_one_cm":6520,"minecraft:total_world_time":28562,"minecraft:interact_with_smoker":15,"minecraft:fall_one_cm":28290},"minecraft:broken":{"minecraft:wooden_sword":1,"minecraft:wooden_axe":1},"minecraft:dropped":{"minecraft:wheat_seeds":3,"minecraft:oak_sapling":3,"minecraft:white_wool":3},"minecraft:crafted":{"minecraft:wooden_sword":1,"minecraft:oak_door":3,"minecraft:oak_planks":208,"minecraft:cooked_porkchop":15,"minecraft:crafting_table":2,"minecraft:wooden_pickaxe":1,"minecraft:cooked_salmon":4,"minecraft:stone_axe":1,"minecraft:cooked_mutton":8,"minecraft:air":0,"minecraft:oak_boat":1,"minecraft:ladder":18,"minecraft:stick":52,"minecraft:stone_pickaxe":1,"minecraft:wooden_axe":1,"minecraft:stone_sword":1,"minecraft:chest":1,"minecraft:white_bed":1}},"DataVersion":3465}