{"stats":{"minecraft:used":{"minecraft:wooden_axe":50,"minecraft:ladder":3,"minecraft:oak_planks":130,"minecraft:chest":1,"minecraft:wooden_pickaxe":20,"minecraft:oak_door":1,"minecraft:stone_axe":38,"minecraft:wooden_sword":68,"minecraft:crafting_table":3,"minecraft:cooked_porkchop":4,"minecraft:white_bed":1},"minecraft:mined":{"minecraft:white_bed":1,"minecraft:crafting_table":1,"minecraft:ladder":3,"minecraft:grass":33,"minecraft:oak_log":59,"minecraft:chest":1,"minecraft:tall_grass":4,"minecraft:stone":20,"minecraft:oak_planks":1,"minecraft:oak_leaves":11},"minecraft:picked_up":{"minecraft:crafting_table":1,"minecraft:ladder":3,"minecraft:porkchop":11,"minecraft:oak_log":58,"minecraft:white_bed":1,"minecraft:string":2,"minecraft:bone":2,"minecraft:rotten_flesh":2,"minecraft:wheat_seeds":3,"minecraft:beef":1,"minecraft:gray_wool":1,"minecraft:oak_sapling":3,"minecraft:chest":1,"minecraft:mutton":8,"minecraft:oak_planks":1,"minecraft:white_wool":6,"minecraft:cobblestone":20},"minecraft:killed":{"minecraft:sheep":7,"minecraft:zombie":1,"minecraft:pig":4,"minecraft:spider":1,"minecraft:cow":1},"minecraft:custom":{"minecraft:time_since_rest":16562,"minecraft:sprint_one_cm":69189,"minecraft:interact_with_furnace":10,"minecraft:damage_taken":120,"minecraft:walk_one_cm":78102,"minecraft:mob_kills":14,"minecraft:drop":2,"minecraft:damage_dealt":1415,"minecraft:interact_with_crafting_table":12,"minecraft:fly_one_cm":239178,"minecraft:open_chest":4,"minecraft:crouch_one_cm":2170,"minecraft:play_time":16562,"minecraft:sneak_time":520,"minecraft:walk_under_water_one_cm":671,"minecraft:jump":585,"minecraft:time_since_death":16562,"minecraft:walk_on_water_one_cm":2186,"minecraft:climb_one_cm":948,"minecraft:total_world_time":16562,"minecraft:fall_one_cm":14451},"minecraft:broken":{"minecraft:wooden_axe":1,"minecraft:wooden_sword":1},"minecraft:dropped":{"minecraft:wheat_seeds":2},"minecraft:crafted":{"minecraft:wooden_sword":1,"minecraft:oak_door":3,"minecraft:oak_boat":1,"minecraft:oak_planks":208,"minecraft:cooked_porkchop":11,"minecraft:crafting_table":2,"minecraft:ladder":18,"minecraft:stick":52,"minecraft:wooden_pickaxe":1,"minecraft:wooden_axe":1,"minecraft:chest":1,"minecraft:white_bed":1,"minecraft:stone_axe":1,"minecraft:cooked_mutton":1,"minecraft:air":0}},"DataVersion":3465}