{"stats":{"minecraft:killed":{"minecraft:pig":1,"boh:deer":1,"minecraft:cow":1},"minecraft:crafted":{"minecraft:oak_boat":1,"minecraft:oak_planks":176,"minecraft:crafting_table":3,"minecraft:stick":16,"minecraft:wooden_pickaxe":2,"minecraft:stone_pickaxe":2,"minecraft:wooden_axe":1,"minecraft:birch_planks":12,"minecraft:stone_axe":2},"minecraft:custom":{"minecraft:time_since_rest":3212,"minecraft:sprint_one_cm":87801,"minecraft:damage_taken":318,"minecraft:walk_one_cm":100933,"minecraft:mob_kills":3,"minecraft:drop":7,"minecraft:damage_dealt":1436,"minecraft:swim_one_cm":5862,"minecraft:interact_with_crafting_table":9,"minecraft:fly_one_cm":122149,"minecraft:crouch_one_cm":2377,"minecraft:play_time":28767,"minecraft:deaths":1,"minecraft:sneak_time":621,"minecraft:walk_under_water_one_cm":1481,"minecraft:boat_one_cm":1500,"minecraft:damage_dealt_resisted":2703,"minecraft:jump":603,"minecraft:walk_on_water_one_cm":4624,"minecraft:time_since_death":3183,"minecraft:total_world_time":28767,"minecraft:fall_one_cm":15996},"minecraft:mined":{"minecraft:birch_log":3,"minecraft:andesite":1,"minecraft:crafting_table":3,"minecraft:grass":4,"minecraft:grass_block":8,"minecraft:oak_log":41,"minecraft:dirt":30,"minecraft:stone":67,"minecraft:oak_planks":1,"minecraft:sugar_cane":3,"minecraft:diorite":2,"minecraft:oak_leaves":7},"minecraft:picked_up":{"minecraft:birch_log":3,"minecraft:crafting_table":3,"boh:venison":3,"minecraft:leather":3,"minecraft:porkchop":2,"minecraft:oak_log":44,"minecraft:diorite":2,"minecraft:dirt":49,"minecraft:arrow":2,"minecraft:bone":1,"minecraft:wheat_seeds":5,"minecraft:beef":3,"minecraft:oak_boat":3,"minecraft:oak_sapling":1,"minecraft:sugar_cane":9,"minecraft:oak_planks":1,"minecraft:cobblestone":58},"minecraft:used":{"minecraft:wooden_axe":23,"minecraft:diorite":1,"boh:venison":3,"minecraft:stone_pickaxe":63,"minecraft:wooden_pickaxe":23,"minecraft:stone_axe":80,"minecraft:dirt":19,"minecraft:beef":3,"minecraft:crafting_table":4,"minecraft:oak_sapling":1,"minecraft:porkchop":2,"minecraft:oak_boat":3},"minecraft:dropped":{"minecraft:stone_axe":1,"minecraft:wheat_seeds":3,"minecraft:wooden_axe":1,"minecraft:wooden_pickaxe":2}},"DataVersion":3465}