{"stats":{"minecraft:used":{"minecraft:cooked_mutton":1,"minecraft:diorite":1,"minecraft:stone_pickaxe":141,"minecraft:oak_planks":3,"minecraft:wooden_pickaxe":23,"minecraft:iron_sword":17,"minecraft:cooked_chicken":2,"minecraft:netherrack":3,"minecraft:dirt":29,"minecraft:mutton":1,"minecraft:crafting_table":6,"minecraft:wooden_axe":23,"minecraft:bread":10,"boh:venison":3,"minecraft:stone_axe":188,"minecraft:pink_petals":2,"minecraft:beef":3,"minecraft:furnace":2,"minecraft:oak_sapling":1,"minecraft:porkchop":10,"minecraft:egg":2,"minecraft:oak_boat":4,"minecraft:cherry_log":8},"minecraft:mined":{"iceandfire:silver_ore":2,"minecraft:cherry_log":50,"minecraft:stone_brick_slab":1,"minecraft:crafting_table":5,"minecraft:grass_block":10,"minecraft:chest":1,"minecraft:cobblestone":3,"minecraft:spruce_leaves":1,"minecraft:sugar_cane":11,"minecraft:oak_planks":4,"minecraft:diorite":2,"minecraft:pink_petals":1,"minecraft:furnace":1,"minecraft:birch_log":3,"minecraft:iron_ore":1,"minecraft:spruce_log":2,"minecraft:andesite":1,"minecraft:grass":7,"minecraft:coal_ore":1,"minecraft:oak_log":47,"minecraft:cherry_leaves":11,"minecraft:dirt":40,"minecraft:stone":83,"minecraft:netherrack":12,"minecraft:oak_leaves":12},"minecraft:picked_up":{"minecraft:birch_log":3,"minecraft:pink_petals":2,"minecraft:crafting_table":5,"boh:venison":3,"minecraft:feather":2,"orcz:orcteeth":6,"minecraft:chicken":3,"minecraft:leather":3,"minecraft:oak_log":49,"minecraft:dirt":61,"minecraft:compass":1,"minecraft:bone":1,"minecraft:wheat_seeds":5,"minecraft:beef":3,"minecraft:oak_boat":3,"minecraft:sugar_cane":32,"minecraft:chest":1,"minecraft:oak_planks":4,"minecraft:iron_sword":1,"minecraft:egg":2,"minecraft:furnace":1,"minecraft:stick":5,"minecraft:raw_iron":1,"minecraft:stone_brick_slab":1,"minecraft:torch":2,"minecraft:porkchop":10,"minecraft:cherry_log":50,"iceandfire:rotten_egg":1,"minecraft:diorite":2,"minecraft:spruce_log":2,"minecraft:arrow":2,"minecraft:cherry_sapling":20,"minecraft:bread":10,"minecraft:oak_sapling":2,"minecraft:netherrack":12,"minecraft:mutton":5,"minecraft:coal":1,"minecraft:white_wool":3,"iceandfire:raw_silver":2,"minecraft:cobblestone":77},"minecraft:killed":{"minecraft:pig":5,"minecraft:iron_golem":1,"boh:deer":1,"minecraft:sheep":3,"minecraft:chicken":3,"orcz:orcsavage_2sword":2,"minecraft:cow":1},"minecraft:custom":{"minecraft:interact_with_furnace":16,"minecraft:mob_kills":16,"minecraft:interact_with_crafting_table":12,"minecraft:damage_dealt_resisted":3193,"minecraft:leave_game":1,"minecraft:time_since_death":34108,"minecraft:time_since_rest":34137,"minecraft:sprint_one_cm":192676,"minecraft:damage_taken":1372,"minecraft:walk_one_cm":210260,"minecraft:drop":20,"minecraft:damage_dealt":3694,"minecraft:swim_one_cm":10254,"minecraft:talked_to_villager":4,"minecraft:fly_one_cm":357934,"minecraft:open_chest":3,"minecraft:crouch_one_cm":3565,"minecraft:play_time":59692,"minecraft:deaths":1,"minecraft:sneak_time":1734,"minecraft:walk_under_water_one_cm":3216,"minecraft:boat_one_cm":1500,"minecraft:jump":1460,"minecraft:walk_on_water_one_cm":10166,"minecraft:total_world_time":59692,"minecraft:fall_one_cm":38959},"minecraft:dropped":{"minecraft:stone_axe":1,"minecraft:wheat_seeds":3,"minecraft:cherry_sapling":13,"minecraft:wooden_axe":1,"minecraft:wooden_pickaxe":2},"minecraft:crafted":{"minecraft:cherry_planks":168,"minecraft:oak_planks":176,"minecraft:crafting_table":3,"minecraft:wooden_pickaxe":2,"minecraft:cooked_chicken":3,"minecraft:furnace":1,"minecraft:birch_planks":12,"minecraft:stone_axe":2,"minecraft:cooked_mutton":4,"minecraft:air":0,"minecraft:oak_boat":2,"minecraft:charcoal":7,"minecraft:stick":16,"minecraft:stone_pickaxe":2,"minecraft:wooden_axe":1}},"DataVersion":3465}