{"stats":{"minecraft:killed":{"minecraft:pig":1,"boh:deer":1,"minecraft:cow":1},"minecraft:crafted":{"minecraft:oak_boat":1,"minecraft:oak_planks":132,"minecraft:crafting_table":2,"minecraft:stick":8,"minecraft:wooden_pickaxe":1,"minecraft:stone_pickaxe":1,"minecraft:wooden_axe":1,"minecraft:stone_axe":1},"minecraft:custom":{"minecraft:time_since_rest":16767,"minecraft:sprint_one_cm":55232,"minecraft:damage_taken":120,"minecraft:walk_one_cm":55694,"minecraft:mob_kills":3,"minecraft:drop":5,"minecraft:damage_dealt":690,"minecraft:swim_one_cm":5862,"minecraft:interact_with_crafting_table":6,"minecraft:fly_one_cm":62322,"minecraft:crouch_one_cm":366,"minecraft:play_time":16767,"minecraft:sneak_time":158,"minecraft:walk_under_water_one_cm":1481,"minecraft:boat_one_cm":765,"minecraft:damage_dealt_resisted":1121,"minecraft:jump":321,"minecraft:walk_on_water_one_cm":2685,"minecraft:time_since_death":16767,"minecraft:total_world_time":16767,"minecraft:fall_one_cm":8333},"minecraft:mined":{"minecraft:birch_log":3,"minecraft:andesite":1,"minecraft:crafting_table":2,"minecraft:grass":1,"minecraft:grass_block":6,"minecraft:oak_log":30,"minecraft:dirt":14,"minecraft:stone":56,"minecraft:oak_planks":1,"minecraft:sugar_cane":3,"minecraft:oak_leaves":7},"minecraft:picked_up":{"minecraft:birch_log":3,"minecraft:crafting_table":2,"boh:venison":3,"minecraft:leather":3,"minecraft:porkchop":2,"minecraft:oak_log":33,"minecraft:dirt":32,"minecraft:arrow":2,"minecraft:bone":1,"minecraft:wheat_seeds":5,"minecraft:beef":3,"minecraft:oak_boat":2,"minecraft:oak_sapling":1,"minecraft:sugar_cane":9,"minecraft:oak_planks":1,"minecraft:cobblestone":47},"minecraft:dropped":{"minecraft:wheat_seeds":3,"minecraft:wooden_axe":1,"minecraft:wooden_pickaxe":1},"minecraft:used":{"minecraft:wooden_axe":23,"boh:venison":3,"minecraft:stone_pickaxe":48,"minecraft:wooden_pickaxe":12,"minecraft:stone_axe":46,"minecraft:dirt":12,"minecraft:beef":3,"minecraft:crafting_table":3,"minecraft:oak_sapling":1,"minecraft:porkchop":1,"minecraft:oak_boat":3}},"DataVersion":3465}