{"stats":{"minecraft:used":{"minecraft:cooked_mutton":4,"minecraft:diorite":1,"minecraft:stone_pickaxe":244,"minecraft:oak_planks":3,"regions_unexplored:peat_dirt":1,"minecraft:birch_boat":1,"minecraft:wooden_pickaxe":23,"minecraft:iron_sword":76,"minecraft:cooked_chicken":3,"minecraft:netherrack":3,"minecraft:dirt":29,"minecraft:mutton":1,"minecraft:crafting_table":10,"minecraft:stone_brick_slab":1,"minecraft:wooden_axe":23,"minecraft:bread":10,"boh:venison":3,"minecraft:gravel":1,"minecraft:stone_axe":191,"minecraft:pink_petals":2,"minecraft:beef":3,"minecraft:oak_sapling":1,"minecraft:furnace":2,"minecraft:porkchop":10,"minecraft:oak_boat":5,"minecraft:egg":3,"minecraft:cherry_log":8},"minecraft:mined":{"iceandfire:silver_ore":2,"regions_unexplored:silver_birch_leaf_pile":2,"minecraft:cherry_log":50,"minecraft:stone_brick_slab":1,"minecraft:crafting_table":8,"regions_unexplored:peat_grass_block":1,"minecraft:grass_block":10,"regions_unexplored:silt_dirt":7,"minecraft:chest":1,"regions_unexplored:poppy_bush":4,"minecraft:cobblestone":3,"minecraft:spruce_leaves":1,"minecraft:oak_planks":4,"minecraft:sugar_cane":15,"minecraft:diorite":2,"minecraft:pink_petals":1,"regions_unexplored:stone_bud":1,"minecraft:furnace":1,"regions_unexplored:silt_coarse_dirt":1,"minecraft:birch_log":6,"minecraft:iron_ore":4,"minecraft:spruce_log":2,"minecraft:birch_leaves":1,"minecraft:andesite":1,"minecraft:grass":8,"minecraft:oak_log":47,"minecraft:coal_ore":38,"minecraft:cherry_leaves":11,"minecraft:gravel":1,"minecraft:dirt":40,"regions_unexplored:medium_grass":2,"minecraft:stone":138,"minecraft:netherrack":12,"regions_unexplored:silt_grass_block":1,"minecraft:oak_leaves":13},"minecraft:picked_up":{"minecraft:birch_log":6,"minecraft:pink_petals":2,"regions_unexplored:peat_dirt":1,"minecraft:crafting_table":8,"boh:venison":3,"minecraft:feather":2,"orcz:orcteeth":6,"minecraft:chicken":3,"regions_unexplored:silt_coarse_dirt":1,"minecraft:leather":14,"regions_unexplored:silt_dirt":8,"minecraft:oak_log":49,"minecraft:gunpowder":2,"regions_unexplored:salmon_poppy_bush":2,"minecraft:dirt":61,"regions_unexplored:poppy_bush":6,"minecraft:compass":1,"minecraft:bone":1,"minecraft:wheat_seeds":6,"minecraft:beef":29,"minecraft:oak_boat":4,"minecraft:sugar_cane":41,"minecraft:chest":1,"minecraft:iron_sword":1,"minecraft:oak_planks":4,"minecraft:furnace":1,"minecraft:egg":3,"minecraft:stick":5,"minecraft:raw_iron":4,"regions_unexplored:silver_birch_leaf_pile":6,"minecraft:stone_brick_slab":1,"minecraft:torch":2,"minecraft:gravel":1,"minecraft:porkchop":10,"minecraft:cherry_log":50,"iceandfire:rotten_egg":1,"minecraft:diorite":2,"minecraft:spruce_log":2,"minecraft:arrow":2,"minecraft:cherry_sapling":20,"minecraft:bread":10,"minecraft:oak_sapling":2,"minecraft:netherrack":12,"minecraft:mutton":7,"minecraft:coal":37,"minecraft:white_wool":4,"iceandfire:raw_silver":2,"minecraft:cobblestone":130,"minecraft:ender_pearl":1},"minecraft:killed":{"minecraft:pig":5,"minecraft:iron_golem":1,"minecraft:creeper":1,"boh:deer":1,"minecraft:sheep":5,"minecraft:chicken":3,"orcz:orcsavage_2sword":2,"minecraft:enderman":1,"minecraft:cow":15},"minecraft:custom":{"minecraft:interact_with_furnace":16,"minecraft:mob_kills":34,"minecraft:interact_with_crafting_table":17,"minecraft:damage_dealt_resisted":3193,"minecraft:leave_game":2,"minecraft:time_since_death":5625,"minecraft:time_since_rest":5693,"minecraft:sprint_one_cm":289705,"minecraft:damage_taken":1976,"minecraft:walk_one_cm":279272,"minecraft:drop":39,"minecraft:damage_dealt":5854,"minecraft:swim_one_cm":21870,"minecraft:talked_to_villager":4,"minecraft:fly_one_cm":561999,"minecraft:open_chest":3,"minecraft:crouch_one_cm":4979,"minecraft:play_time":77514,"minecraft:deaths":3,"minecraft:sneak_time":1915,"minecraft:walk_under_water_one_cm":4319,"minecraft:boat_one_cm":89295,"minecraft:jump":2189,"minecraft:walk_on_water_one_cm":13489,"minecraft:total_world_time":77514,"minecraft:fall_one_cm":60069},"minecraft:broken":{"minecraft:stone_pickaxe":1,"minecraft:stone_axe":1},"minecraft:dropped":{"minecraft:stone_axe":1,"minecraft:wheat_seeds":4,"minecraft:cherry_sapling":13,"minecraft:dirt":2,"regions_unexplored:salmon_poppy_bush":2,"minecraft:wooden_axe":1,"minecraft:oak_sapling":1,"regions_unexplored:poppy_bush":6,"minecraft:wooden_pickaxe":2,"regions_unexplored:silver_birch_leaf_pile":6,"minecraft:netherrack":9},"minecraft:crafted":{"minecraft:cherry_planks":168,"minecraft:oak_planks":176,"orcz:orcteeth_armor_armor_leggings":1,"minecraft:crafting_table":4,"minecraft:birch_boat":1,"minecraft:wooden_pickaxe":2,"minecraft:cooked_chicken":3,"minecraft:furnace":1,"minecraft:birch_planks":24,"minecraft:stone_axe":2,"minecraft:cooked_mutton":4,"minecraft:air":0,"minecraft:oak_boat":3,"minecraft:charcoal":7,"minecraft:stick":16,"minecraft:stone_pickaxe":3,"minecraft:wooden_axe":1}},"DataVersion":3465}