{"stats":{"minecraft:killed":{"minecraft:pig":5,"boh:deer":1,"minecraft:sheep":1,"minecraft:cow":1},"minecraft:crafted":{"minecraft:cherry_planks":168,"minecraft:oak_planks":176,"minecraft:crafting_table":3,"minecraft:wooden_pickaxe":2,"minecraft:birch_planks":12,"minecraft:stone_axe":2,"minecraft:oak_boat":2,"minecraft:stick":16,"minecraft:stone_pickaxe":2,"minecraft:wooden_axe":1},"minecraft:custom":{"minecraft:mob_kills":8,"minecraft:interact_with_crafting_table":11,"minecraft:damage_dealt_resisted":2831,"minecraft:time_since_death":15183,"minecraft:time_since_rest":15212,"minecraft:sprint_one_cm":126490,"minecraft:damage_taken":704,"minecraft:walk_one_cm":138135,"minecraft:drop":20,"minecraft:damage_dealt":2906,"minecraft:swim_one_cm":8633,"minecraft:talked_to_villager":4,"minecraft:fly_one_cm":188429,"minecraft:crouch_one_cm":2770,"minecraft:play_time":40767,"minecraft:deaths":1,"minecraft:sneak_time":1570,"minecraft:walk_under_water_one_cm":1735,"minecraft:boat_one_cm":1500,"minecraft:jump":913,"minecraft:walk_on_water_one_cm":6753,"minecraft:total_world_time":40767,"minecraft:fall_one_cm":24467},"minecraft:mined":{"minecraft:cherry_log":50,"minecraft:crafting_table":4,"minecraft:grass_block":10,"minecraft:sugar_cane":11,"minecraft:oak_planks":1,"minecraft:diorite":2,"minecraft:pink_petals":1,"minecraft:birch_log":3,"minecraft:andesite":1,"minecraft:grass":6,"minecraft:oak_log":41,"minecraft:cherry_leaves":11,"minecraft:dirt":31,"minecraft:stone":67,"minecraft:oak_leaves":7},"minecraft:picked_up":{"minecraft:birch_log":3,"minecraft:pink_petals":2,"minecraft:crafting_table":4,"boh:venison":3,"minecraft:leather":3,"minecraft:oak_log":44,"minecraft:dirt":52,"minecraft:bone":1,"minecraft:wheat_seeds":5,"minecraft:beef":3,"minecraft:oak_boat":3,"minecraft:sugar_cane":32,"minecraft:oak_planks":1,"minecraft:stick":5,"minecraft:porkchop":10,"minecraft:cherry_log":50,"minecraft:diorite":2,"minecraft:arrow":2,"minecraft:cherry_sapling":20,"minecraft:bread":2,"minecraft:oak_sapling":1,"minecraft:mutton":1,"minecraft:white_wool":1,"minecraft:cobblestone":58},"minecraft:used":{"minecraft:diorite":1,"minecraft:stone_pickaxe":94,"minecraft:oak_planks":3,"minecraft:wooden_pickaxe":23,"minecraft:dirt":22,"minecraft:mutton":1,"minecraft:crafting_table":5,"minecraft:wooden_axe":23,"boh:venison":3,"minecraft:bread":2,"minecraft:stone_axe":162,"minecraft:pink_petals":2,"minecraft:beef":3,"minecraft:oak_sapling":1,"minecraft:porkchop":10,"minecraft:oak_boat":4,"minecraft:cherry_log":8},"minecraft:dropped":{"minecraft:stone_axe":1,"minecraft:wheat_seeds":3,"minecraft:cherry_sapling":13,"minecraft:wooden_axe":1,"minecraft:wooden_pickaxe":2}},"DataVersion":3465}