{"stats":{"minecraft:killed_by":{"minecraft:player":1},"minecraft:used":{"minecraft:oak_log":1,"minecraft:oak_stairs":2,"minecraft:cartography_table":1,"minecraft:map":1,"minecraft:oak_planks":15,"minecraft:oak_pressure_plate":1,"minecraft:gravel":1,"orcz:orcagaric":1,"orcz:orcshroom":1,"regions_unexplored:spruce_shrub":1},"minecraft:picked_up":{"minecraft:andesite":1,"minecraft:torch":1,"minecraft:gravel":1,"minecraft:oak_pressure_plate":1,"orcz:orcagaric":7,"minecraft:oak_stairs":2,"minecraft:filled_map":1,"orcz:blue_orcshroom":1,"minecraft:oak_log":4,"regions_unexplored:spruce_shrub":1,"minecraft:wheat_seeds":3,"butcher:butchersguidebook":1,"minecraft:cartography_table":2,"orcz:orcshroom":1,"minecraft:oak_planks":6},"minecraft:mined":{"regions_unexplored:spruce_shrub":1,"minecraft:glass_pane":5,"orcz:orcagaric":1,"minecraft:dandelion":1,"minecraft:grass":14,"minecraft:oak_log":4,"minecraft:oak_stairs":2,"minecraft:gravel":1,"minecraft:oak_pressure_plate":1,"minecraft:tall_grass":7,"minecraft:oak_planks":3,"minecraft:cartography_table":1,"minecraft:wall_torch":1},"minecraft:killed":{"orcz:goblin_2sword":1,"orcz:snot":2},"minecraft:custom":{"minecraft:time_since_rest":0,"minecraft:sprint_one_cm":54436,"minecraft:damage_taken":655,"minecraft:walk_one_cm":31170,"minecraft:mob_kills":3,"minecraft:damage_dealt":220,"minecraft:swim_one_cm":1183,"minecraft:interact_with_cartography_table":1,"minecraft:fly_one_cm":60486,"minecraft:open_chest":4,"minecraft:crouch_one_cm":4836,"minecraft:play_time":9415,"minecraft:deaths":2,"minecraft:sneak_time":1634,"minecraft:walk_under_water_one_cm":113,"minecraft:jump":259,"minecraft:leave_game":1,"minecraft:walk_on_water_one_cm":612,"minecraft:time_since_death":0,"minecraft:total_world_time":9415,"minecraft:fall_one_cm":7335},"minecraft:crafted":{"minecraft:oak_planks":12}},"DataVersion":3465}