{"stats":{"minecraft:used":{"minecraft:iron_sword":13,"minecraft:rotten_flesh":5,"butcher:chicken_corpse_item":2,"minecraft:torch":2,"minecraft:dirt":23,"minecraft:mutton":1,"butcher:sheep_corpse_item":4,"butcher:cowcorpseitem":1,"minecraft:carrot":13,"regions_unexplored:oak_shrub":1,"minecraft:wooden_axe":69,"butcher:cow_headf":1,"boh:venison":1,"minecraft:beef":10,"minecraft:cooked_beef":6,"minecraft:stone_pickaxe":29,"butcher:butchers_knife":53,"minecraft:oak_planks":21,"minecraft:white_wool":2,"minecraft:golden_apple":1,"minecraft:crafting_table":4,"minecraft:white_bed":1,"butcher:skinning_knife":1,"minecraft:apple":4,"minecraft:chicken":1,"minecraft:bread":1,"minecraft:stone_axe":89,"orcz:bone_1deco":1,"minecraft:cobblestone":14,"minecraft:cooked_porkchop":6,"minecraft:porkchop":12},"minecraft:killed_by":{"minecraft:player":1},"minecraft:mined":{"minecraft:white_bed":1,"iceandfire:silver_ore":1,"orcz:palisadedarkoak":2,"minecraft:spruce_fence":2,"minecraft:grass_block":11,"minecraft:composter":1,"minecraft:carrots":7,"minecraft:iron_ore":4,"minecraft:potatoes":2,"minecraft:stone":13,"minecraft:bone_block":3,"minecraft:red_wool":2,"butcher:sheepcorpse":2,"butcher:chicken_corpse":2,"minecraft:campfire":1,"minecraft:tall_grass":16,"butcher:hanging_cow_right_left_middle":1,"minecraft:oak_planks":9,"minecraft:wheat":5,"minecraft:grass":92,"minecraft:oak_log":28,"minecraft:coal_ore":3,"minecraft:beetroots":1,"minecraft:dirt":14,"minecraft:oak_leaves":2},"minecraft:picked_up":{"minecraft:charcoal":2,"minecraft:iron_chestplate":1,"minecraft:wheat":1,"minecraft:chicken":7,"boh:venison":2,"minecraft:stone_brick_stairs":1,"butcher:cowcorpseitem":5,"butcher:raw_sirloin_steak":1,"minecraft:oak_trapdoor":2,"minecraft:string":3,"minecraft:iron_leggings":1,"minecraft:cobbled_deepslate":24,"minecraft:beef":13,"minecraft:spruce_slab":1,"minecraft:iron_nugget":8,"minecraft:poppy":1,"minecraft:iron_pickaxe":1,"minecraft:spruce_trapdoor":3,"minecraft:egg":3,"minecraft:raw_iron":4,"minecraft:stick":16,"butcher:largeemptyheadmount":1,"minecraft:composter":1,"minecraft:oak_fence":4,"minecraft:torch":14,"travelersbackpack:iron_tier_upgrade":1,"minecraft:spruce_fence":3,"butcher:sheep_corpse_item":7,"minecraft:porkchop":36,"travelersbackpack:crafting_upgrade":1,"minecraft:carrot":24,"orcz:palisadedarkoak":1,"minecraft:arrow":21,"minecraft:rotten_flesh":7,"minecraft:beetroot_seeds":2,"orcz:orcshroom":1,"butcher:chicken_corpse_item":4,"minecraft:mutton":11,"minecraft:white_wool":11,"minecraft:bone_block":6,"minecraft:cobblestone":27,"minecraft:leather_chestplate":1,"minecraft:feather":7,"minecraft:cooked_beef":24,"orcz:orcteeth":2,"butcher:butchers_knife":2,"butcher:pig_corpse_item":1,"minecraft:andesite":2,"minecraft:leather":20,"butcher:pliers":1,"minecraft:oak_log":42,"minecraft:yellow_bed":1,"minecraft:lapis_lazuli":9,"minecraft:dirt":52,"minecraft:paper":2,"minecraft:lantern":1,"minecraft:glass":2,"minecraft:bone":5,"butcher:cow_skin":4,"butcher:raw_ribeye_steak":1,"minecraft:acacia_planks":8,"minecraft:apple":18,"orcz:orcteeth_tool_sword":1,"minecraft:wheat_seeds":40,"butcher:raw_tbone_steak":1,"minecraft:oak_fence_gate":1,"minecraft:iron_ingot":5,"minecraft:stone_pickaxe":1,"butcher:raw_chuck_steak":1,"minecraft:oak_planks":17,"minecraft:iron_sword":3,"butcher:cow_headf":1,"minecraft:cooked_porkchop":1,"orcz:bone_1":1,"minecraft:red_wool":4,"butcher:raw_rump_steak":1,"orcz:orcagaric":2,"regions_unexplored:oak_shrub":1,"orcz:bone_1deco":2,"minecraft:sand":18,"orcz:orcamanita":4,"minecraft:white_bed":5,"butcher:cowhoof":12,"minecraft:mossy_cobblestone":1,"travelersbackpack:standard":1,"minecraft:diamond":14,"minecraft:stone_axe":4,"butcher:butchersguidebook":3,"minecraft:cherry_sapling":3,"minecraft:golden_apple":1,"minecraft:gray_wool":1,"minecraft:emerald":2,"minecraft:black_wool":1,"minecraft:melon_seeds":3,"minecraft:coal":79,"iceandfire:raw_silver":1},"minecraft:killed":{"minecraft:spider":1,"minecraft:skeleton":2,"minecraft:chicken":5,"minecraft:pig":8,"boh:deer_mimic":2,"minecraft:sheep":8,"minecraft:zombie":5,"minecraft:cow":4},"minecraft:custom":{"minecraft:mob_kills":35,"minecraft:interact_with_crafting_table":8,"minecraft:open_barrel":3,"minecraft:bell_ring":1,"minecraft:damage_dealt_resisted":1088,"minecraft:leave_game":1,"minecraft:time_since_death":14412,"minecraft:sprint_one_cm":165583,"minecraft:walk_one_cm":362715,"minecraft:drop":41,"minecraft:play_time":82997,"minecraft:deaths":3,"minecraft:sneak_time":814,"minecraft:walk_under_water_one_cm":1317,"minecraft:boat_one_cm":27832,"minecraft:jump":1774,"minecraft:walk_on_water_one_cm":6278,"minecraft:total_world_time":82997,"minecraft:interact_with_furnace":12,"minecraft:sleep_in_bed":4,"minecraft:time_since_rest":2215,"minecraft:damage_taken":3208,"minecraft:damage_absorbed":40,"minecraft:damage_dealt":4920,"minecraft:swim_one_cm":16015,"minecraft:fly_one_cm":311319,"minecraft:open_chest":27,"minecraft:crouch_one_cm":1717,"minecraft:interact_with_smoker":8,"minecraft:fall_one_cm":51568,"minecraft:horse_one_cm":197483},"minecraft:broken":{"minecraft:wooden_axe":2},"minecraft:dropped":{"minecraft:wheat_seeds":6,"minecraft:oak_log":2,"minecraft:mossy_cobblestone":1,"butcher:butchers_knife":1,"minecraft:oak_fence":1,"minecraft:feather":4,"minecraft:cobblestone":1,"minecraft:apple":9,"orcz:orcagaric":1,"minecraft:leather":7,"minecraft:stick":1,"minecraft:dirt":11,"minecraft:mutton":3,"minecraft:string":1,"minecraft:white_wool":2,"minecraft:bone":5,"minecraft:oak_trapdoor":2,"minecraft:rotten_flesh":2,"orcz:orcamanita":4,"minecraft:oak_planks":4,"boh:venison":1,"minecraft:spruce_fence":1,"minecraft:carrot":1,"minecraft:oak_fence_gate":1,"minecraft:spruce_trapdoor":3,"minecraft:andesite":1,"minecraft:spruce_slab":1,"minecraft:stone_brick_stairs":1,"minecraft:black_wool":1},"minecraft:crafted":{"minecraft:oak_planks":52,"minecraft:cooked_mutton":2,"minecraft:stone_pickaxe":1,"minecraft:cooked_porkchop":6,"minecraft:crafting_table":4,"butcher:skinning_knife":1,"minecraft:oak_wood":3,"minecraft:stone_axe":2,"minecraft:air":0,"minecraft:stick":16,"minecraft:wooden_axe":2,"butcher:butchers_knife":1}},"DataVersion":3465}