{"stats":{"minecraft:killed":{"minecraft:pig":8,"boh:deer_mimic":2,"minecraft:sheep":2,"minecraft:skeleton":2,"minecraft:zombie":1,"minecraft:chicken":4,"minecraft:cow":4},"minecraft:crafted":{"minecraft:oak_planks":40,"minecraft:crafting_table":2,"minecraft:stone_axe":2,"minecraft:stick":12,"minecraft:stone_pickaxe":1,"minecraft:wooden_axe":2},"minecraft:custom":{"minecraft:mob_kills":23,"minecraft:interact_with_crafting_table":5,"minecraft:bell_ring":1,"minecraft:damage_dealt_resisted":1088,"minecraft:time_since_death":7285,"minecraft:sleep_in_bed":3,"minecraft:time_since_rest":7307,"minecraft:sprint_one_cm":99324,"minecraft:damage_absorbed":40,"minecraft:damage_taken":1310,"minecraft:walk_one_cm":194062,"minecraft:drop":16,"minecraft:damage_dealt":2776,"minecraft:swim_one_cm":3301,"minecraft:fly_one_cm":154673,"minecraft:open_chest":10,"minecraft:crouch_one_cm":1484,"minecraft:play_time":41789,"minecraft:deaths":2,"minecraft:sneak_time":599,"minecraft:walk_under_water_one_cm":862,"minecraft:boat_one_cm":27832,"minecraft:jump":904,"minecraft:walk_on_water_one_cm":3727,"minecraft:total_world_time":41789,"minecraft:fall_one_cm":22155},"minecraft:mined":{"minecraft:white_bed":1,"minecraft:red_wool":2,"orcz:palisadedarkoak":2,"minecraft:grass_block":9,"minecraft:spruce_fence":2,"minecraft:campfire":1,"minecraft:tall_grass":11,"minecraft:composter":1,"minecraft:oak_planks":9,"minecraft:carrots":7,"minecraft:wheat":5,"minecraft:grass":78,"minecraft:potatoes":2,"minecraft:oak_log":28,"minecraft:beetroots":1,"minecraft:dirt":5,"minecraft:bone_block":3,"minecraft:oak_leaves":2},"minecraft:picked_up":{"minecraft:wheat":1,"orcz:orcteeth":2,"minecraft:feather":6,"minecraft:cooked_beef":9,"boh:venison":2,"minecraft:chicken":6,"minecraft:andesite":1,"minecraft:leather":13,"minecraft:oak_log":42,"minecraft:lapis_lazuli":9,"minecraft:dirt":36,"minecraft:string":2,"minecraft:bone":5,"minecraft:wheat_seeds":38,"minecraft:beef":11,"minecraft:stone_pickaxe":1,"minecraft:iron_sword":2,"minecraft:oak_planks":17,"minecraft:egg":2,"minecraft:stick":6,"orcz:bone_1":1,"minecraft:composter":1,"minecraft:red_wool":4,"minecraft:torch":6,"orcz:orcagaric":2,"orcz:bone_1deco":2,"minecraft:spruce_fence":2,"minecraft:porkchop":36,"minecraft:sand":18,"minecraft:white_bed":3,"minecraft:carrot":22,"orcz:palisadedarkoak":1,"minecraft:arrow":10,"minecraft:rotten_flesh":3,"minecraft:stone_axe":2,"minecraft:beetroot_seeds":2,"butcher:butchersguidebook":2,"minecraft:golden_apple":1,"minecraft:melon_seeds":3,"minecraft:mutton":3,"minecraft:bone_block":6,"minecraft:white_wool":4,"minecraft:cobblestone":14},"minecraft:used":{"minecraft:stone_pickaxe":3,"minecraft:oak_planks":21,"minecraft:white_wool":2,"minecraft:torch":1,"minecraft:golden_apple":1,"minecraft:dirt":23,"minecraft:mutton":1,"minecraft:crafting_table":2,"minecraft:white_bed":1,"minecraft:wooden_axe":69,"boh:venison":1,"minecraft:bread":1,"minecraft:stone_axe":77,"minecraft:beef":9,"minecraft:porkchop":12,"minecraft:cooked_beef":4},"minecraft:dropped":{"minecraft:wheat_seeds":6,"minecraft:oak_log":2,"minecraft:rotten_flesh":2,"minecraft:leather":1,"boh:venison":1,"minecraft:dirt":10,"minecraft:mutton":2},"minecraft:broken":{"minecraft:wooden_axe":2}},"DataVersion":3465}