{"stats":{"minecraft:crafted":{"minecraft:oak_planks":16,"minecraft:crafting_table":2,"minecraft:stick":4,"minecraft:wooden_axe":2,"minecraft:stone_axe":1},"minecraft:killed":{"minecraft:sheep":2,"minecraft:pig":8,"minecraft:chicken":2,"boh:deer_mimic":2,"minecraft:cow":4},"minecraft:custom":{"minecraft:time_since_rest":17301,"minecraft:sprint_one_cm":41788,"minecraft:damage_taken":400,"minecraft:walk_one_cm":95114,"minecraft:mob_kills":18,"minecraft:drop":13,"minecraft:damage_dealt":2118,"minecraft:swim_one_cm":2928,"minecraft:interact_with_crafting_table":3,"minecraft:fly_one_cm":40989,"minecraft:crouch_one_cm":732,"minecraft:play_time":17789,"minecraft:deaths":1,"minecraft:sneak_time":286,"minecraft:walk_under_water_one_cm":801,"minecraft:damage_dealt_resisted":994,"minecraft:jump":374,"minecraft:walk_on_water_one_cm":3022,"minecraft:time_since_death":17178,"minecraft:total_world_time":17789,"minecraft:fall_one_cm":6959},"minecraft:mined":{"minecraft:grass":56,"minecraft:grass_block":5,"minecraft:oak_log":14,"minecraft:tall_grass":5,"minecraft:oak_leaves":1},"minecraft:picked_up":{"minecraft:stick":2,"minecraft:feather":1,"minecraft:chicken":2,"boh:venison":2,"minecraft:andesite":1,"minecraft:leather":7,"minecraft:porkchop":24,"minecraft:oak_log":14,"minecraft:dirt":20,"minecraft:rotten_flesh":2,"minecraft:wheat_seeds":11,"butcher:butchersguidebook":1,"minecraft:beef":10,"minecraft:mutton":3,"minecraft:white_wool":2,"minecraft:cobblestone":11,"minecraft:egg":2},"minecraft:used":{"minecraft:wooden_axe":69,"boh:venison":1,"minecraft:stone_axe":5,"minecraft:beef":1,"minecraft:crafting_table":2,"minecraft:porkchop":6},"minecraft:dropped":{"minecraft:dirt":10,"minecraft:wheat_seeds":5,"minecraft:oak_log":2,"minecraft:rotten_flesh":2,"minecraft:leather":1,"boh:venison":1},"minecraft:broken":{"minecraft:wooden_axe":2}},"DataVersion":3465}