{"stats":{"minecraft:used":{"minecraft:stone_pickaxe":4,"butcher:butchers_knife":8,"minecraft:oak_planks":21,"minecraft:iron_sword":1,"minecraft:rotten_flesh":5,"minecraft:white_wool":2,"minecraft:torch":2,"minecraft:golden_apple":1,"minecraft:dirt":23,"minecraft:mutton":1,"butcher:sheep_corpse_item":1,"minecraft:crafting_table":3,"minecraft:carrot":13,"minecraft:white_bed":1,"minecraft:wooden_axe":69,"minecraft:chicken":1,"boh:venison":1,"minecraft:bread":1,"minecraft:stone_axe":89,"orcz:bone_1deco":1,"minecraft:beef":10,"minecraft:cooked_porkchop":1,"minecraft:porkchop":12,"minecraft:cooked_beef":6},"minecraft:mined":{"minecraft:white_bed":1,"minecraft:red_wool":2,"butcher:sheepcorpse":1,"orcz:palisadedarkoak":2,"minecraft:grass_block":10,"minecraft:spruce_fence":2,"minecraft:campfire":1,"minecraft:tall_grass":15,"minecraft:composter":1,"minecraft:oak_planks":9,"minecraft:carrots":7,"minecraft:wheat":5,"minecraft:grass":82,"minecraft:potatoes":2,"minecraft:oak_log":28,"minecraft:beetroots":1,"minecraft:dirt":12,"minecraft:bone_block":3,"minecraft:oak_leaves":2},"minecraft:picked_up":{"minecraft:charcoal":2,"minecraft:wheat":1,"boh:venison":2,"minecraft:feather":7,"minecraft:cooked_beef":9,"orcz:orcteeth":2,"minecraft:chicken":7,"minecraft:andesite":1,"minecraft:leather":13,"minecraft:oak_log":42,"minecraft:yellow_bed":1,"minecraft:oak_trapdoor":2,"minecraft:lapis_lazuli":9,"minecraft:dirt":48,"minecraft:string":2,"minecraft:bone":5,"minecraft:wheat_seeds":39,"minecraft:iron_ingot":2,"minecraft:beef":11,"minecraft:stone_pickaxe":1,"minecraft:oak_planks":17,"minecraft:iron_sword":2,"minecraft:egg":2,"minecraft:stick":6,"orcz:bone_1":1,"minecraft:composter":1,"minecraft:red_wool":4,"minecraft:torch":6,"orcz:orcagaric":2,"orcz:bone_1deco":2,"minecraft:spruce_fence":2,"butcher:sheep_corpse_item":2,"minecraft:porkchop":36,"minecraft:sand":18,"minecraft:carrot":24,"minecraft:white_bed":3,"orcz:palisadedarkoak":1,"minecraft:arrow":11,"minecraft:rotten_flesh":7,"minecraft:stone_axe":2,"minecraft:beetroot_seeds":2,"butcher:butchersguidebook":2,"minecraft:golden_apple":1,"minecraft:melon_seeds":3,"minecraft:mutton":4,"minecraft:bone_block":6,"minecraft:white_wool":6,"minecraft:cobblestone":14},"minecraft:killed":{"minecraft:pig":8,"boh:deer_mimic":2,"minecraft:sheep":4,"minecraft:skeleton":2,"minecraft:zombie":3,"minecraft:chicken":5,"minecraft:cow":4},"minecraft:custom":{"minecraft:interact_with_furnace":4,"minecraft:mob_kills":28,"minecraft:interact_with_crafting_table":6,"minecraft:bell_ring":1,"minecraft:damage_dealt_resisted":1088,"minecraft:time_since_death":23437,"minecraft:sleep_in_bed":3,"minecraft:time_since_rest":23459,"minecraft:sprint_one_cm":112768,"minecraft:damage_absorbed":40,"minecraft:damage_taken":2089,"minecraft:walk_one_cm":265867,"minecraft:drop":18,"minecraft:damage_dealt":3440,"minecraft:swim_one_cm":3301,"minecraft:fly_one_cm":189619,"minecraft:open_chest":10,"minecraft:crouch_one_cm":1666,"minecraft:play_time":57941,"minecraft:deaths":2,"minecraft:sneak_time":703,"minecraft:walk_under_water_one_cm":862,"minecraft:boat_one_cm":27832,"minecraft:jump":1194,"minecraft:walk_on_water_one_cm":3889,"minecraft:interact_with_smoker":2,"minecraft:total_world_time":57941,"minecraft:fall_one_cm":30006},"minecraft:broken":{"minecraft:wooden_axe":2},"minecraft:dropped":{"minecraft:wheat_seeds":6,"minecraft:oak_trapdoor":2,"minecraft:oak_log":2,"minecraft:rotten_flesh":2,"minecraft:leather":1,"boh:venison":1,"minecraft:carrot":1,"minecraft:dirt":10,"minecraft:mutton":2},"minecraft:crafted":{"minecraft:oak_planks":40,"minecraft:cooked_porkchop":6,"minecraft:crafting_table":3,"minecraft:stone_axe":2,"minecraft:air":0,"minecraft:stick":12,"minecraft:stone_pickaxe":1,"minecraft:wooden_axe":2,"butcher:butchers_knife":1}},"DataVersion":3465}