{"stats":{"minecraft:killed":{"minecraft:pig":8,"boh:deer_mimic":2,"minecraft:sheep":2,"minecraft:skeleton":1,"minecraft:chicken":4,"minecraft:cow":4},"minecraft:crafted":{"minecraft:oak_planks":24,"minecraft:crafting_table":2,"minecraft:stone_axe":2,"minecraft:stick":12,"minecraft:stone_pickaxe":1,"minecraft:wooden_axe":2},"minecraft:custom":{"minecraft:mob_kills":21,"minecraft:interact_with_crafting_table":5,"minecraft:bell_ring":1,"minecraft:damage_dealt_resisted":1088,"minecraft:time_since_death":29178,"minecraft:sleep_in_bed":3,"minecraft:time_since_rest":5440,"minecraft:sprint_one_cm":67871,"minecraft:damage_taken":670,"minecraft:walk_one_cm":157578,"minecraft:drop":15,"minecraft:damage_dealt":2446,"minecraft:swim_one_cm":2928,"minecraft:fly_one_cm":92098,"minecraft:open_chest":3,"minecraft:crouch_one_cm":732,"minecraft:play_time":29789,"minecraft:deaths":1,"minecraft:sneak_time":319,"minecraft:walk_under_water_one_cm":801,"minecraft:boat_one_cm":21756,"minecraft:jump":658,"minecraft:walk_on_water_one_cm":3184,"minecraft:total_world_time":29789,"minecraft:fall_one_cm":12650},"minecraft:mined":{"minecraft:white_bed":1,"orcz:palisadedarkoak":2,"minecraft:grass_block":8,"minecraft:tall_grass":7,"minecraft:composter":1,"minecraft:oak_planks":9,"minecraft:carrots":7,"minecraft:wheat":5,"minecraft:grass":61,"minecraft:potatoes":2,"minecraft:oak_log":28,"minecraft:beetroots":1,"minecraft:dirt":1,"minecraft:oak_leaves":1},"minecraft:picked_up":{"minecraft:wheat":1,"minecraft:feather":3,"minecraft:cooked_beef":6,"boh:venison":2,"minecraft:chicken":3,"minecraft:andesite":1,"minecraft:leather":7,"minecraft:oak_log":27,"minecraft:dirt":31,"minecraft:string":1,"minecraft:wheat_seeds":21,"minecraft:beef":10,"minecraft:oak_planks":9,"minecraft:egg":2,"minecraft:stick":2,"minecraft:composter":1,"minecraft:torch":1,"orcz:orcagaric":1,"minecraft:porkchop":24,"minecraft:sand":9,"minecraft:white_bed":2,"minecraft:carrot":11,"orcz:palisadedarkoak":1,"minecraft:arrow":1,"minecraft:rotten_flesh":2,"minecraft:beetroot_seeds":1,"butcher:butchersguidebook":1,"minecraft:mutton":3,"minecraft:white_wool":2,"minecraft:cobblestone":11},"minecraft:used":{"minecraft:oak_planks":7,"minecraft:torch":1,"minecraft:dirt":14,"minecraft:mutton":1,"minecraft:crafting_table":2,"minecraft:white_bed":1,"minecraft:wooden_axe":69,"boh:venison":1,"minecraft:stone_axe":67,"minecraft:beef":9,"minecraft:porkchop":10,"minecraft:cooked_beef":3},"minecraft:dropped":{"minecraft:wheat_seeds":5,"minecraft:oak_log":2,"minecraft:rotten_flesh":2,"minecraft:leather":1,"boh:venison":1,"minecraft:dirt":10,"minecraft:mutton":2},"minecraft:broken":{"minecraft:wooden_axe":2}},"DataVersion":3465}