{"stats":{"minecraft:custom":{"minecraft:jump":111,"minecraft:time_since_rest":5301,"minecraft:damage_dealt":28,"minecraft:sprint_one_cm":1707,"minecraft:crouch_one_cm":295,"minecraft:deaths":1,"minecraft:play_time":5789,"minecraft:damage_taken":370,"minecraft:time_since_death":5178,"minecraft:walk_one_cm":25057,"minecraft:sneak_time":119,"minecraft:total_world_time":5789,"minecraft:fall_one_cm":3071,"minecraft:drop":4,"minecraft:fly_one_cm":4162},"minecraft:picked_up":{"minecraft:rotten_flesh":2,"minecraft:wheat_seeds":4,"butcher:butchersguidebook":1,"minecraft:dirt":20},"minecraft:mined":{"minecraft:grass_block":5,"minecraft:grass":23},"minecraft:dropped":{"minecraft:rotten_flesh":2,"minecraft:dirt":10}},"DataVersion":3465}