{"stats":{"minecraft:used":{"minecraft:oak_fence":1,"minecraft:stone_sword":71,"minecraft:iron_shovel":6,"butcher:sirloin_steak":1,"minecraft:spruce_slab":3,"minecraft:chest":5,"minecraft:iron_sword":201,"travelersbackpack:black_sleeping_bag":2,"minecraft:oak_door":2,"minecraft:torch":73,"minecraft:dirt":15,"butcher:creamyllamaheadmount":2,"butcher:sheep_corpse_item":4,"butcher:cowheadmount":2,"minecraft:granite":11,"butcher:panda_head_mount":2,"minecraft:lantern":2,"butcher:cow_headf":1,"minecraft:oak_stairs":2,"minecraft:cherry_slab":5,"minecraft:iron_helmet":1,"minecraft:furnace":15,"minecraft:cooked_beef":13,"minecraft:cobbled_deepslate":13,"minecraft:iron_leggings":1,"butcher:villager_corpse_item":3,"minecraft:cooked_mutton":11,"minecraft:diorite":2,"butcher:raw_tbone_steak":2,"butcher:frogcutopen":1,"minecraft:stone_pickaxe":96,"minecraft:baked_potato":4,"minecraft:oak_planks":146,"minecraft:leather_chestplate":1,"minecraft:wooden_pickaxe":8,"butcher:cooked_lamb_rib":1,"butcher:hoglinheadmount":1,"minecraft:oak_slab":6,"minecraft:white_wool":1,"minecraft:red_bed":1,"minecraft:crafting_table":6,"butcher:villager_head":1,"minecraft:oak_log":5,"orcz:orcteeth_tool_sword":38,"minecraft:apple":8,"minecraft:bread":28,"minecraft:iron_pickaxe":580,"minecraft:leather_helmet":1,"minecraft:spruce_trapdoor":1,"minecraft:gravel":1,"minecraft:stone_axe":41,"orcz:bone_1deco":3,"butcher:brownllamaheadmount":1,"butcher:pork_leg":1,"butcher:goat_head_mount":2,"travelersbackpack:standard":4,"minecraft:cobblestone":101,"minecraft:grindstone":1,"minecraft:oak_boat":1,"minecraft:andesite":1,"minecraft:glass_pane":2,"minecraft:yellow_bed":2,"butcher:pork_shoulder":1},"minecraft:mined":{"iceandfire:silver_ore":1,"minecraft:mossy_cobblestone":1,"butcher:bloodgrate":1,"minecraft:cherry_log":1,"butcher:cowheadmount":2,"minecraft:spruce_trapdoor":3,"minecraft:granite":43,"minecraft:grass_block":8,"butcher:cow_headf":1,"butcher:sheephead":1,"orcz:bone_1deco":3,"minecraft:hay_block":15,"butcher:villager_head":1,"minecraft:furnace":10,"minecraft:cobbled_deepslate":5,"minecraft:iron_ore":50,"minecraft:andesite":54,"minecraft:deepslate_iron_ore":3,"butcher:frogcutopen":1,"minecraft:oak_stairs":7,"minecraft:lantern":2,"butcher:goat_head_mount":2,"travelersbackpack:black_sleeping_bag":2,"minecraft:stone":271,"regions_unexplored:bladed_grass":2,"minecraft:white_wool":1,"butcher:creamyllamaheadmount":2,"butcher:hoglinheadmount":1,"butcher:brownllamaheadmount":1,"butcher:sheepcorpse":2,"regions_unexplored:corpse_flower":1,"travelersbackpack:standard":1,"minecraft:dandelion":1,"minecraft:oak_fence":4,"minecraft:crafting_table":6,"minecraft:torch":2,"regions_unexplored:bladed_tall_grass":2,"minecraft:emerald_ore":3,"minecraft:campfire":4,"minecraft:copper_ore":5,"minecraft:tall_grass":16,"minecraft:cobblestone":14,"minecraft:sugar_cane":2,"minecraft:oak_planks":18,"minecraft:diorite":4,"minecraft:wall_torch":10,"minecraft:cherry_slab":4,"minecraft:deepslate_copper_ore":1,"minecraft:pink_petals":1,"butcher:panda_head_mount":2,"minecraft:birch_log":6,"minecraft:birch_leaves":1,"minecraft:yellow_bed":2,"minecraft:grass":45,"minecraft:oak_log":2,"minecraft:coal_ore":85,"minecraft:gravel":2,"minecraft:sand":13,"minecraft:dirt":16,"minecraft:stone_bricks":2,"minecraft:gold_ore":6,"minecraft:oak_leaves":5,"minecraft:deepslate":88},"minecraft:picked_up":{"minecraft:iron_chestplate":2,"minecraft:charcoal":19,"minecraft:crafting_table":12,"minecraft:chicken":1,"minecraft:oak_stairs":7,"minecraft:enchanted_book":1,"butcher:raw_sirloin_steak":2,"butcher:creamyllamaheadmount":2,"minecraft:red_bed":1,"minecraft:string":10,"minecraft:raw_copper":14,"minecraft:compass":1,"minecraft:glass_pane":14,"minecraft:cobbled_deepslate":91,"minecraft:beef":28,"minecraft:oak_boat":3,"minecraft:iron_nugget":16,"minecraft:spruce_slab":7,"travelersbackpack:black_sleeping_bag":3,"minecraft:iron_pickaxe":4,"minecraft:light_gray_wool":1,"minecraft:sugar_cane":18,"minecraft:chest":2,"minecraft:spruce_trapdoor":8,"minecraft:iron_boots":2,"minecraft:egg":3,"minecraft:furnace":11,"minecraft:stick":47,"minecraft:raw_iron":69,"regions_unexplored:corpse_flower":1,"minecraft:oak_fence":23,"minecraft:torch":38,"minecraft:spruce_fence":2,"butcher:sheep_corpse_item":2,"minecraft:porkchop":6,"minecraft:cherry_log":1,"minecraft:diorite":5,"minecraft:redstone":10,"butcher:sirloin_steak":2,"minecraft:arrow":4,"butcher:panda_head_mount":2,"minecraft:hay_block":16,"butcher:frogcutopen":1,"minecraft:gold_ingot":9,"butcher:raw_pork_belly":3,"minecraft:mutton":23,"minecraft:cobblestone":413,"minecraft:white_wool":18,"minecraft:birch_log":7,"butcher:villager_meat":1,"minecraft:leather_chestplate":1,"minecraft:cooked_beef":4,"orcz:orcteeth":7,"minecraft:andesite":55,"minecraft:leather":25,"butcher:villager_head":1,"butcher:hoglinheadmount":1,"minecraft:potato":3,"minecraft:birch_planks":12,"butcher:cowheadmount":2,"minecraft:oak_log":3,"minecraft:lantern":5,"minecraft:paper":2,"minecraft:yellow_bed":3,"minecraft:dirt":154,"minecraft:cooked_mutton":3,"minecraft:leather_boots":1,"butcher:cow_skin":2,"minecraft:glass":18,"minecraft:bone":12,"travelersbackpack:backpack_tank":5,"minecraft:apple":16,"butcher:cookedbatmeat":3,"minecraft:raw_gold":6,"butcher:raw_tbone_steak":3,"minecraft:wheat_seeds":5,"orcz:orcteeth_tool_sword":3,"butcher:villager_corpse_item":1,"minecraft:stone_pickaxe":3,"minecraft:iron_ingot":13,"butcher:goat_head_mount":2,"butcher:cow_headf":1,"butcher:brownllamaheadmount":1,"minecraft:iron_sword":1,"minecraft:oak_planks":335,"minecraft:sweet_berries":12,"orcz:bone_1deco":3,"regions_unexplored:oak_shrub":1,"minecraft:dandelion":1,"minecraft:oak_pressure_plate":1,"minecraft:gravel":3,"orcz:blue_orcshroom":1,"minecraft:sand":32,"butcher:cowhoof":24,"minecraft:mossy_cobblestone":2,"orcz:orcamanita":4,"butcher:frogsleg":2,"minecraft:spider_eye":4,"minecraft:leather_helmet":1,"travelersbackpack:standard":1,"minecraft:diamond":9,"minecraft:stone_axe":1,"butcher:butchersguidebook":4,"minecraft:iron_helmet":1,"minecraft:granite":70,"minecraft:cherry_sapling":1,"minecraft:gray_wool":1,"minecraft:emerald":8,"minecraft:bread":10,"butcher:batmeat":11,"minecraft:oak_sapling":1,"minecraft:cherry_slab":7,"minecraft:black_wool":2,"minecraft:coal":255},"minecraft:killed":{"minecraft:spider":4,"minecraft:skeleton":2,"minecraft:horse":5,"minecraft:pig":2,"orcz:goblinsavagemace":2,"minecraft:sheep":12,"minecraft:donkey":1,"minecraft:zombie":6,"orcz:snot":2,"orcz:orcshield":2,"minecraft:cow":10},"minecraft:custom":{"minecraft:mob_kills":48,"minecraft:interact_with_crafting_table":61,"minecraft:open_barrel":8,"minecraft:bell_ring":1,"minecraft:damage_dealt_resisted":1279,"minecraft:leave_game":2,"minecraft:time_since_death":27371,"minecraft:sprint_one_cm":376257,"minecraft:walk_one_cm":487821,"minecraft:drop":114,"minecraft:talked_to_villager":3,"minecraft:play_time":162042,"minecraft:deaths":2,"minecraft:sneak_time":4831,"minecraft:walk_under_water_one_cm":8299,"minecraft:boat_one_cm":4770,"minecraft:jump":2418,"minecraft:walk_on_water_one_cm":16722,"minecraft:total_world_time":162042,"minecraft:interact_with_furnace":147,"minecraft:interact_with_cartography_table":1,"minecraft:sleep_in_bed":10,"minecraft:time_since_rest":0,"minecraft:damage_taken":3299,"minecraft:damage_dealt":7088,"minecraft:fly_one_cm":486480,"minecraft:swim_one_cm":6103,"minecraft:player_kills":1,"minecraft:open_chest":72,"minecraft:crouch_one_cm":6940,"minecraft:interact_with_smoker":14,"minecraft:fall_one_cm":80263},"minecraft:broken":{"minecraft:iron_pickaxe":2},"minecraft:crafted":{"minecraft:oak_door":3,"minecraft:oak_planks":44,"minecraft:leather_boots":1,"butcher:lamb_sirloin":1,"butcher:sirloin_steak":2,"minecraft:furnace":5,"minecraft:glass_pane":16,"minecraft:cooked_mutton":20,"minecraft:glass":20,"minecraft:iron_boots":1,"butcher:cooked_lamb_rib":1,"butcher:pork_leg":3,"minecraft:stone_pickaxe":1,"minecraft:chest":6,"minecraft:wheat":144,"minecraft:cooked_beef":18,"minecraft:oak_slab":6,"minecraft:crafting_table":2,"minecraft:iron_helmet":1,"travelersbackpack:standard":1,"travelersbackpack:backpack_tank":2,"minecraft:wooden_pickaxe":1,"minecraft:baked_potato":4,"minecraft:iron_sword":2,"butcher:cookedbatmeat":1,"minecraft:leather_helmet":1,"travelersbackpack:black_sleeping_bag":1,"minecraft:birch_planks":28,"minecraft:stone_axe":2,"minecraft:bread":48,"minecraft:air":0,"butcher:leg_of_lamb":1,"butcher:pork_belly":4,"minecraft:iron_chestplate":1,"minecraft:iron_pickaxe":3,"minecraft:stick":48,"minecraft:iron_ingot":49,"minecraft:leather_chestplate":1,"minecraft:iron_leggings":1,"minecraft:stone_sword":1,"minecraft:iron_shovel":1,"minecraft:gold_ingot":5,"butcher:pork_shoulder":2,"minecraft:torch":64,"butcher:tbonesteak":1},"minecraft:dropped":{"minecraft:iron_ingot":10,"minecraft:bread":14,"minecraft:porkchop":6,"minecraft:wheat_seeds":5,"minecraft:oak_pressure_plate":1,"minecraft:cooked_beef":6,"minecraft:mossy_cobblestone":1,"minecraft:diamond":9,"minecraft:crafting_table":3,"minecraft:cobblestone":1,"minecraft:lantern":2,"minecraft:leather_helmet":1,"minecraft:coal":34,"minecraft:stick":9,"minecraft:dirt":3,"minecraft:gray_wool":1,"minecraft:diorite":3,"minecraft:torch":1,"butcher:batmeat":4,"minecraft:iron_pickaxe":1,"travelersbackpack:backpack_tank":2,"minecraft:string":2,"butcher:cowhoof":12,"minecraft:gold_ingot":9,"minecraft:gravel":2,"minecraft:compass":1,"minecraft:iron_nugget":16,"minecraft:stone_sword":1,"butcher:cow_skin":2,"minecraft:cherry_sapling":1,"minecraft:chicken":1,"minecraft:light_gray_wool":1,"orcz:orcamanita":2,"minecraft:oak_planks":57,"orcz:orcteeth_tool_sword":2,"regions_unexplored:oak_shrub":1,"minecraft:cooked_mutton":2,"minecraft:spruce_fence":1,"butcher:sirloin_steak":1,"butcher:butchersguidebook":3,"minecraft:leather_chestplate":1,"minecraft:spruce_trapdoor":3,"minecraft:andesite":1,"minecraft:chest":1,"minecraft:yellow_bed":1,"minecraft:leather_boots":1,"minecraft:oak_sapling":1,"minecraft:spider_eye":3,"minecraft:spruce_slab":1,"minecraft:glass":8,"minecraft:stone_pickaxe":2,"minecraft:egg":3}},"DataVersion":3465}