{"stats":{"minecraft:used":{"minecraft:iron_shovel":33,"butcher:sirloin_steak":2,"minecraft:spruce_slab":3,"minecraft:ladder":14,"minecraft:chest":5,"minecraft:iron_sword":201,"butcher:creamyllamaheadmount":2,"butcher:cow_headf":1,"minecraft:lantern":2,"minecraft:iron_helmet":1,"minecraft:stone_brick_stairs":3,"minecraft:stone_bricks":132,"minecraft:furnace":15,"minecraft:diorite":2,"minecraft:stone_pickaxe":96,"minecraft:oak_planks":163,"minecraft:wooden_pickaxe":8,"minecraft:leather_chestplate":1,"minecraft:white_wool":1,"minecraft:stone_brick_wall":1,"butcher:villager_head":1,"orcz:orcteeth_tool_sword":41,"minecraft:bread":31,"minecraft:gravel":1,"butcher:pork_leg":1,"butcher:brownllamaheadmount":1,"butcher:goat_head_mount":2,"minecraft:grindstone":1,"minecraft:andesite":1,"minecraft:oak_boat":1,"minecraft:oak_fence":1,"minecraft:stone_sword":71,"travelersbackpack:black_sleeping_bag":2,"minecraft:oak_door":4,"minecraft:torch":75,"minecraft:dirt":29,"butcher:sheep_corpse_item":4,"butcher:cowheadmount":2,"minecraft:granite":11,"butcher:panda_head_mount":2,"minecraft:oak_stairs":2,"minecraft:cherry_slab":5,"minecraft:cooked_beef":16,"minecraft:cobbled_deepslate":13,"minecraft:iron_leggings":1,"butcher:villager_corpse_item":3,"minecraft:cooked_mutton":11,"butcher:raw_tbone_steak":2,"butcher:frogcutopen":1,"minecraft:baked_potato":4,"butcher:cooked_lamb_rib":1,"butcher:hoglinheadmount":1,"minecraft:crafting_table":6,"minecraft:oak_slab":6,"minecraft:red_bed":1,"minecraft:oak_log":5,"minecraft:apple":8,"minecraft:iron_pickaxe":630,"minecraft:stone_slab":18,"minecraft:leather_helmet":1,"minecraft:spruce_trapdoor":1,"minecraft:stone_axe":61,"orcz:bone_1deco":3,"minecraft:cobblestone":101,"travelersbackpack:standard":4,"minecraft:glass_pane":2,"minecraft:yellow_bed":2,"butcher:pork_shoulder":1},"minecraft:mined":{"minecraft:cherry_log":1,"butcher:cowheadmount":2,"minecraft:granite":43,"minecraft:spruce_trapdoor":3,"minecraft:stone_brick_wall":7,"minecraft:grass_block":28,"butcher:sheephead":1,"minecraft:oxeye_daisy":1,"minecraft:iron_ore":50,"minecraft:cobbled_deepslate":5,"minecraft:oak_stairs":13,"travelersbackpack:black_sleeping_bag":2,"butcher:creamyllamaheadmount":2,"butcher:sheepcorpse":2,"regions_unexplored:corpse_flower":1,"minecraft:torch":2,"butcher:hoglinheadmount":1,"butcher:brownllamaheadmount":1,"regions_unexplored:bladed_tall_grass":2,"minecraft:cobblestone":15,"minecraft:oak_planks":18,"minecraft:sugar_cane":2,"minecraft:wall_torch":10,"minecraft:cherry_slab":4,"minecraft:deepslate_copper_ore":1,"minecraft:pink_petals":1,"butcher:panda_head_mount":2,"minecraft:birch_log":6,"minecraft:grass":54,"minecraft:oak_log":7,"minecraft:sand":13,"minecraft:dirt":19,"minecraft:oak_leaves":7,"minecraft:deepslate":88,"iceandfire:silver_ore":1,"minecraft:mossy_cobblestone":5,"butcher:bloodgrate":1,"butcher:cow_headf":1,"orcz:bone_1deco":3,"minecraft:hay_block":15,"butcher:villager_head":1,"minecraft:furnace":10,"minecraft:andesite":57,"butcher:frogcutopen":1,"minecraft:deepslate_iron_ore":3,"minecraft:vine":12,"minecraft:lantern":2,"butcher:goat_head_mount":2,"minecraft:stone":274,"regions_unexplored:bladed_grass":2,"minecraft:white_wool":1,"minecraft:oak_slab":6,"minecraft:dandelion":1,"travelersbackpack:standard":1,"minecraft:oak_fence":4,"minecraft:crafting_table":6,"minecraft:emerald_ore":3,"minecraft:campfire":4,"minecraft:tall_grass":20,"minecraft:copper_ore":5,"minecraft:diorite":4,"minecraft:birch_leaves":1,"minecraft:yellow_bed":2,"minecraft:coal_ore":85,"minecraft:gravel":2,"minecraft:stone_bricks":28,"minecraft:gold_ore":6},"minecraft:picked_up":{"minecraft:iron_chestplate":2,"minecraft:oak_stairs":12,"minecraft:enchanted_book":1,"minecraft:string":11,"butcher:creamyllamaheadmount":2,"minecraft:raw_copper":14,"minecraft:cobbled_deepslate":91,"minecraft:iron_pickaxe":4,"minecraft:iron_boots":2,"minecraft:furnace":11,"minecraft:stick":47,"regions_unexplored:corpse_flower":1,"minecraft:oak_fence":23,"minecraft:torch":38,"minecraft:porkchop":6,"minecraft:cherry_log":1,"minecraft:diorite":5,"butcher:panda_head_mount":2,"butcher:raw_pork_belly":3,"minecraft:cobblestone":417,"minecraft:birch_log":7,"minecraft:leather_chestplate":1,"minecraft:cooked_beef":4,"orcz:orcteeth":7,"minecraft:andesite":58,"butcher:villager_head":1,"minecraft:potato":3,"minecraft:dirt":174,"minecraft:lantern":5,"minecraft:leather_boots":1,"travelersbackpack:backpack_tank":5,"minecraft:glass":18,"minecraft:bone":12,"butcher:cow_skin":2,"minecraft:wheat_seeds":7,"orcz:orcteeth_tool_sword":4,"butcher:raw_tbone_steak":3,"minecraft:raw_gold":6,"minecraft:oak_planks":336,"butcher:cow_headf":1,"minecraft:oak_pressure_plate":1,"minecraft:sand":32,"orcz:blue_orcshroom":1,"minecraft:mossy_cobblestone":6,"minecraft:diamond":9,"butcher:butchersguidebook":4,"minecraft:granite":70,"minecraft:bread":10,"minecraft:emerald":8,"butcher:batmeat":11,"minecraft:oak_sapling":1,"minecraft:cherry_slab":7,"minecraft:charcoal":19,"minecraft:crafting_table":12,"minecraft:chicken":1,"minecraft:stone_brick_wall":7,"butcher:raw_sirloin_steak":2,"minecraft:red_bed":1,"minecraft:compass":1,"minecraft:glass_pane":14,"minecraft:beef":28,"minecraft:oak_boat":3,"minecraft:iron_nugget":16,"travelersbackpack:black_sleeping_bag":3,"minecraft:light_gray_wool":1,"minecraft:spruce_slab":7,"minecraft:sugar_cane":18,"minecraft:chest":2,"minecraft:spruce_trapdoor":8,"minecraft:egg":4,"minecraft:raw_iron":69,"minecraft:spruce_fence":2,"butcher:sheep_corpse_item":2,"minecraft:redstone":10,"butcher:sirloin_steak":2,"minecraft:arrow":4,"minecraft:hay_block":16,"minecraft:gold_ingot":9,"butcher:frogcutopen":1,"minecraft:mutton":23,"minecraft:white_wool":18,"minecraft:oxeye_daisy":1,"butcher:villager_meat":1,"minecraft:leather":25,"minecraft:birch_planks":12,"butcher:hoglinheadmount":1,"minecraft:oak_log":12,"butcher:cowheadmount":2,"minecraft:yellow_bed":3,"minecraft:paper":2,"minecraft:cooked_mutton":3,"minecraft:apple":16,"minecraft:stone_bricks":26,"butcher:cookedbatmeat":3,"minecraft:iron_ingot":13,"butcher:villager_corpse_item":1,"minecraft:stone_pickaxe":3,"butcher:goat_head_mount":2,"minecraft:iron_sword":1,"butcher:brownllamaheadmount":1,"minecraft:oak_slab":5,"minecraft:sweet_berries":12,"minecraft:dandelion":1,"regions_unexplored:oak_shrub":1,"orcz:bone_1deco":3,"minecraft:gravel":3,"orcz:orcamanita":4,"butcher:frogsleg":2,"minecraft:spider_eye":4,"butcher:cowhoof":24,"minecraft:leather_helmet":1,"travelersbackpack:standard":1,"minecraft:stone_axe":1,"minecraft:iron_helmet":1,"minecraft:cherry_sapling":1,"minecraft:gray_wool":1,"minecraft:black_wool":2,"minecraft:coal":255},"minecraft:killed":{"minecraft:spider":5,"minecraft:skeleton":2,"minecraft:pig":2,"orcz:goblinsavagemace":2,"minecraft:sheep":12,"minecraft:zombie":6,"minecraft:donkey":1,"orcz:snot":2,"orcz:orcshield":2,"minecraft:cow":10,"minecraft:horse":5},"minecraft:custom":{"minecraft:interact_with_crafting_table":75,"minecraft:open_barrel":10,"minecraft:bell_ring":1,"minecraft:leave_game":2,"minecraft:time_since_death":51371,"minecraft:sprint_one_cm":422644,"minecraft:drop":131,"minecraft:talked_to_villager":3,"minecraft:play_time":186042,"minecraft:deaths":2,"minecraft:jump":2629,"minecraft:walk_on_water_one_cm":16947,"minecraft:interact_with_furnace":183,"minecraft:interact_with_cartography_table":1,"minecraft:sleep_in_bed":14,"minecraft:damage_dealt":7248,"minecraft:player_kills":1,"minecraft:crouch_one_cm":9468,"minecraft:interact_with_smoker":14,"minecraft:mob_kills":49,"minecraft:damage_dealt_resisted":1279,"minecraft:climb_one_cm":9110,"minecraft:walk_one_cm":565777,"minecraft:sneak_time":5782,"minecraft:walk_under_water_one_cm":8299,"minecraft:boat_one_cm":4770,"minecraft:total_world_time":186042,"minecraft:time_since_rest":5439,"minecraft:damage_taken":3839,"minecraft:swim_one_cm":6103,"minecraft:fly_one_cm":518042,"minecraft:open_chest":87,"minecraft:fall_one_cm":92886},"minecraft:broken":{"minecraft:iron_pickaxe":2},"minecraft:dropped":{"minecraft:porkchop":6,"minecraft:oak_pressure_plate":1,"minecraft:cooked_beef":6,"minecraft:oak_log":4,"minecraft:diamond":9,"minecraft:crafting_table":3,"minecraft:lantern":2,"minecraft:leather_helmet":1,"minecraft:dirt":3,"butcher:batmeat":4,"minecraft:iron_pickaxe":1,"travelersbackpack:backpack_tank":2,"butcher:cowhoof":12,"minecraft:gold_ingot":9,"minecraft:bone":4,"minecraft:oak_door":1,"minecraft:gravel":2,"minecraft:compass":1,"minecraft:iron_nugget":16,"minecraft:cherry_sapling":1,"minecraft:oak_planks":57,"regions_unexplored:oak_shrub":1,"minecraft:cooked_mutton":2,"butcher:sirloin_steak":1,"minecraft:leather_chestplate":1,"minecraft:leather_boots":1,"minecraft:chest":1,"minecraft:spruce_slab":1,"minecraft:glass":8,"minecraft:egg":4,"minecraft:iron_ingot":10,"minecraft:bread":14,"minecraft:wheat_seeds":6,"minecraft:mossy_cobblestone":5,"minecraft:cobblestone":2,"minecraft:coal":34,"minecraft:stick":9,"minecraft:oxeye_daisy":1,"minecraft:gray_wool":1,"minecraft:diorite":3,"minecraft:torch":1,"minecraft:string":2,"minecraft:stone_sword":1,"butcher:cow_skin":2,"minecraft:chicken":1,"minecraft:light_gray_wool":1,"orcz:orcamanita":2,"orcz:orcteeth_tool_sword":3,"minecraft:spruce_fence":1,"butcher:butchersguidebook":3,"minecraft:spruce_trapdoor":3,"minecraft:andesite":4,"minecraft:yellow_bed":1,"minecraft:oak_sapling":1,"minecraft:spider_eye":3,"minecraft:stone_pickaxe":2},"minecraft:crafted":{"minecraft:oak_planks":92,"minecraft:stone":131,"minecraft:cooked_mutton":20,"minecraft:glass":20,"minecraft:iron_boots":1,"butcher:cooked_lamb_rib":1,"minecraft:chest":6,"minecraft:stone_bricks":120,"minecraft:oak_slab":6,"minecraft:crafting_table":2,"minecraft:baked_potato":4,"minecraft:wooden_pickaxe":1,"travelersbackpack:standard":1,"minecraft:iron_helmet":1,"butcher:cookedbatmeat":1,"minecraft:birch_planks":28,"minecraft:stone_brick_stairs":8,"minecraft:iron_chestplate":1,"minecraft:stick":104,"minecraft:stone_slab":18,"minecraft:leather_chestplate":1,"minecraft:iron_ingot":49,"minecraft:iron_pickaxe":3,"minecraft:stone_sword":1,"minecraft:gold_ingot":5,"minecraft:oak_door":6,"minecraft:leather_boots":1,"butcher:lamb_sirloin":1,"butcher:sirloin_steak":2,"minecraft:furnace":5,"minecraft:glass_pane":16,"butcher:pork_leg":3,"minecraft:ladder":24,"minecraft:stone_pickaxe":1,"minecraft:wheat":144,"minecraft:cooked_beef":18,"travelersbackpack:backpack_tank":2,"minecraft:iron_sword":2,"minecraft:leather_helmet":1,"travelersbackpack:black_sleeping_bag":1,"minecraft:stone_axe":2,"minecraft:bread":48,"minecraft:air":0,"butcher:leg_of_lamb":1,"butcher:pork_belly":4,"minecraft:iron_shovel":1,"minecraft:iron_leggings":1,"butcher:pork_shoulder":2,"minecraft:torch":64,"butcher:tbonesteak":1}},"DataVersion":3465}