{"stats":{"minecraft:used":{"minecraft:oak_fence":1,"minecraft:stone_sword":71,"minecraft:chest":1,"minecraft:iron_sword":192,"travelersbackpack:black_sleeping_bag":2,"minecraft:torch":43,"minecraft:dirt":12,"minecraft:granite":6,"minecraft:furnace":8,"minecraft:cooked_beef":13,"minecraft:cooked_mutton":11,"minecraft:diorite":2,"butcher:raw_tbone_steak":2,"minecraft:stone_pickaxe":96,"minecraft:baked_potato":4,"minecraft:oak_planks":73,"minecraft:leather_chestplate":1,"minecraft:wooden_pickaxe":8,"minecraft:white_wool":1,"minecraft:crafting_table":3,"orcz:orcteeth_tool_sword":28,"minecraft:apple":8,"minecraft:bread":25,"minecraft:iron_pickaxe":232,"minecraft:leather_helmet":1,"minecraft:spruce_trapdoor":1,"minecraft:gravel":1,"minecraft:stone_axe":13,"minecraft:cobblestone":98,"minecraft:andesite":1,"minecraft:yellow_bed":1},"minecraft:mined":{"iceandfire:silver_ore":1,"butcher:bloodgrate":1,"minecraft:spruce_trapdoor":2,"minecraft:granite":6,"minecraft:grass_block":3,"minecraft:hay_block":15,"minecraft:furnace":6,"minecraft:iron_ore":26,"minecraft:andesite":6,"minecraft:oak_stairs":1,"travelersbackpack:black_sleeping_bag":2,"minecraft:stone":161,"regions_unexplored:bladed_grass":2,"minecraft:white_wool":1,"regions_unexplored:corpse_flower":1,"minecraft:dandelion":1,"minecraft:crafting_table":3,"minecraft:torch":2,"regions_unexplored:bladed_tall_grass":2,"minecraft:emerald_ore":3,"minecraft:campfire":4,"minecraft:tall_grass":16,"minecraft:cobblestone":14,"minecraft:sugar_cane":2,"minecraft:oak_planks":8,"minecraft:diorite":4,"minecraft:wall_torch":4,"minecraft:birch_log":6,"minecraft:birch_leaves":1,"minecraft:yellow_bed":1,"minecraft:grass":41,"minecraft:coal_ore":85,"minecraft:gravel":2,"minecraft:sand":13,"minecraft:dirt":15,"minecraft:stone_bricks":2,"minecraft:oak_leaves":4},"minecraft:picked_up":{"minecraft:iron_chestplate":1,"minecraft:charcoal":12,"minecraft:crafting_table":8,"minecraft:chicken":1,"minecraft:oak_stairs":1,"minecraft:enchanted_book":1,"butcher:raw_sirloin_steak":2,"minecraft:string":8,"minecraft:compass":1,"minecraft:beef":28,"minecraft:oak_boat":1,"travelersbackpack:black_sleeping_bag":3,"minecraft:iron_pickaxe":2,"minecraft:light_gray_wool":1,"minecraft:sugar_cane":18,"minecraft:spruce_trapdoor":1,"minecraft:iron_boots":1,"minecraft:egg":3,"minecraft:furnace":6,"minecraft:stick":27,"minecraft:raw_iron":30,"regions_unexplored:corpse_flower":1,"minecraft:oak_fence":1,"minecraft:torch":30,"minecraft:porkchop":6,"minecraft:diorite":5,"minecraft:arrow":4,"minecraft:hay_block":16,"minecraft:gold_ingot":9,"butcher:raw_pork_belly":3,"minecraft:mutton":23,"minecraft:cobblestone":302,"minecraft:white_wool":18,"minecraft:birch_log":7,"butcher:villager_meat":1,"minecraft:leather_chestplate":1,"minecraft:cooked_beef":1,"orcz:orcteeth":7,"minecraft:andesite":6,"minecraft:leather":25,"minecraft:birch_planks":12,"minecraft:oak_log":1,"minecraft:yellow_bed":2,"minecraft:dirt":147,"minecraft:cooked_mutton":3,"minecraft:leather_boots":1,"minecraft:glass":16,"minecraft:bone":4,"travelersbackpack:backpack_tank":1,"minecraft:apple":16,"butcher:raw_tbone_steak":3,"minecraft:wheat_seeds":5,"orcz:orcteeth_tool_sword":2,"minecraft:stone_pickaxe":1,"minecraft:iron_ingot":1,"minecraft:oak_planks":242,"regions_unexplored:oak_shrub":1,"minecraft:dandelion":1,"minecraft:oak_pressure_plate":1,"minecraft:gravel":3,"orcz:blue_orcshroom":1,"minecraft:sand":32,"butcher:frogsleg":2,"minecraft:spider_eye":4,"minecraft:leather_helmet":1,"minecraft:diamond":9,"minecraft:stone_axe":1,"butcher:butchersguidebook":4,"minecraft:granite":6,"minecraft:cherry_sapling":1,"minecraft:gray_wool":1,"minecraft:emerald":8,"minecraft:bread":6,"butcher:batmeat":7,"minecraft:oak_sapling":1,"minecraft:black_wool":2,"minecraft:coal":198},"minecraft:killed":{"minecraft:spider":3,"minecraft:skeleton":2,"minecraft:horse":5,"minecraft:pig":2,"orcz:goblinsavagemace":2,"minecraft:sheep":12,"minecraft:donkey":1,"minecraft:zombie":6,"orcz:snot":2,"orcz:orcshield":2,"minecraft:cow":10},"minecraft:custom":{"minecraft:mob_kills":47,"minecraft:interact_with_crafting_table":38,"minecraft:open_barrel":5,"minecraft:damage_dealt_resisted":1279,"minecraft:leave_game":2,"minecraft:time_since_death":6480,"minecraft:sprint_one_cm":286675,"minecraft:walk_one_cm":256918,"minecraft:drop":79,"minecraft:talked_to_villager":3,"minecraft:play_time":96042,"minecraft:deaths":1,"minecraft:sneak_time":4084,"minecraft:walk_under_water_one_cm":2341,"minecraft:jump":2180,"minecraft:walk_on_water_one_cm":12448,"minecraft:total_world_time":96042,"minecraft:interact_with_furnace":89,"minecraft:interact_with_cartography_table":1,"minecraft:sleep_in_bed":5,"minecraft:time_since_rest":6509,"minecraft:damage_taken":2891,"minecraft:damage_dealt":6758,"minecraft:fly_one_cm":469547,"minecraft:swim_one_cm":5874,"minecraft:player_kills":1,"minecraft:open_chest":35,"minecraft:crouch_one_cm":6166,"minecraft:interact_with_smoker":14,"minecraft:fall_one_cm":77266},"minecraft:crafted":{"minecraft:oak_planks":4,"minecraft:leather_boots":1,"butcher:sirloin_steak":1,"minecraft:furnace":2,"minecraft:cooked_mutton":20,"minecraft:glass":20,"minecraft:iron_boots":1,"minecraft:stone_pickaxe":1,"minecraft:chest":1,"minecraft:wheat":144,"minecraft:cooked_beef":18,"minecraft:crafting_table":2,"travelersbackpack:backpack_tank":1,"minecraft:wooden_pickaxe":1,"minecraft:baked_potato":4,"minecraft:iron_sword":1,"minecraft:leather_helmet":1,"travelersbackpack:black_sleeping_bag":1,"minecraft:birch_planks":28,"minecraft:stone_axe":1,"minecraft:bread":48,"minecraft:air":0,"minecraft:iron_chestplate":1,"minecraft:iron_pickaxe":2,"minecraft:stick":48,"minecraft:iron_ingot":23,"minecraft:leather_chestplate":1,"minecraft:stone_sword":1,"minecraft:torch":60},"minecraft:dropped":{"minecraft:iron_ingot":4,"minecraft:bread":14,"minecraft:porkchop":6,"minecraft:wheat_seeds":5,"minecraft:oak_pressure_plate":1,"minecraft:cooked_beef":6,"minecraft:diamond":9,"minecraft:crafting_table":3,"minecraft:coal":20,"minecraft:stick":9,"minecraft:gray_wool":1,"minecraft:diorite":3,"minecraft:torch":1,"minecraft:string":2,"minecraft:gold_ingot":9,"minecraft:gravel":2,"minecraft:compass":1,"minecraft:stone_sword":1,"minecraft:chicken":1,"minecraft:light_gray_wool":1,"orcz:orcteeth_tool_sword":2,"regions_unexplored:oak_shrub":1,"minecraft:cooked_mutton":2,"butcher:butchersguidebook":3,"minecraft:leather_chestplate":1,"minecraft:yellow_bed":1,"minecraft:leather_boots":1,"minecraft:oak_sapling":1,"minecraft:spider_eye":2,"minecraft:stone_pickaxe":2,"minecraft:egg":3}},"DataVersion":3465}