{"stats":{"minecraft:killed":{"minecraft:pig":2,"minecraft:sheep":1,"minecraft:horse":3,"minecraft:cow":10},"minecraft:crafted":{"minecraft:cooked_beef":18,"minecraft:oak_planks":4,"minecraft:crafting_table":1,"minecraft:wooden_pickaxe":1,"minecraft:iron_sword":1,"minecraft:furnace":1,"minecraft:leather_helmet":1,"minecraft:birch_planks":28,"minecraft:air":0,"minecraft:stick":12,"minecraft:leather_chestplate":1,"minecraft:iron_ingot":5,"minecraft:iron_pickaxe":1,"minecraft:stone_pickaxe":1,"minecraft:stone_sword":1,"minecraft:torch":12},"minecraft:custom":{"minecraft:interact_with_furnace":13,"minecraft:mob_kills":16,"minecraft:interact_with_crafting_table":11,"minecraft:damage_dealt_resisted":868,"minecraft:time_since_death":17094,"minecraft:time_since_rest":17094,"minecraft:sprint_one_cm":42367,"minecraft:damage_taken":87,"minecraft:walk_one_cm":39831,"minecraft:drop":15,"minecraft:damage_dealt":2327,"minecraft:fly_one_cm":72531,"minecraft:crouch_one_cm":379,"minecraft:play_time":17094,"minecraft:sneak_time":572,"minecraft:jump":336,"minecraft:total_world_time":17094,"minecraft:fall_one_cm":9837},"minecraft:mined":{"minecraft:crafting_table":1,"minecraft:torch":2,"minecraft:grass_block":1,"minecraft:tall_grass":7,"minecraft:diorite":4,"minecraft:wall_torch":2,"minecraft:furnace":2,"minecraft:birch_log":6,"minecraft:iron_ore":6,"minecraft:birch_leaves":1,"minecraft:grass":15,"minecraft:coal_ore":29,"minecraft:gravel":1,"minecraft:dirt":5,"minecraft:stone":94,"minecraft:white_wool":1,"minecraft:oak_leaves":3},"minecraft:picked_up":{"minecraft:birch_log":7,"minecraft:crafting_table":1,"minecraft:cooked_beef":1,"minecraft:chicken":1,"minecraft:leather":14,"minecraft:oak_log":1,"minecraft:dirt":22,"minecraft:wheat_seeds":4,"minecraft:beef":28,"minecraft:iron_ingot":1,"minecraft:furnace":2,"minecraft:raw_iron":6,"minecraft:torch":4,"minecraft:gravel":1,"minecraft:porkchop":6,"minecraft:diorite":4,"butcher:butchersguidebook":2,"minecraft:oak_sapling":1,"minecraft:mutton":1,"minecraft:coal":55,"minecraft:white_wool":2,"minecraft:cobblestone":93},"minecraft:dropped":{"minecraft:porkchop":6,"minecraft:wheat_seeds":4,"minecraft:stone_sword":1,"butcher:butchersguidebook":1,"minecraft:diorite":2,"minecraft:oak_sapling":1},"minecraft:used":{"minecraft:diorite":2,"minecraft:stone_sword":71,"minecraft:stone_pickaxe":96,"minecraft:wooden_pickaxe":8,"minecraft:leather_chestplate":1,"minecraft:iron_sword":28,"minecraft:white_wool":1,"minecraft:torch":12,"minecraft:dirt":6,"minecraft:crafting_table":1,"minecraft:iron_pickaxe":43,"minecraft:leather_helmet":1,"minecraft:cobblestone":5,"minecraft:furnace":2,"minecraft:cooked_beef":2}},"DataVersion":3465}