{"stats":{"minecraft:killed":{"minecraft:pig":2,"minecraft:spider":1,"minecraft:sheep":1,"minecraft:horse":3,"minecraft:zombie":1,"orcz:orcshield":1,"minecraft:cow":10},"minecraft:crafted":{"minecraft:cooked_beef":18,"minecraft:oak_planks":4,"minecraft:leather_boots":1,"minecraft:crafting_table":1,"minecraft:wooden_pickaxe":1,"minecraft:iron_sword":1,"minecraft:furnace":1,"minecraft:leather_helmet":1,"minecraft:birch_planks":28,"minecraft:bread":24,"minecraft:air":0,"minecraft:stick":12,"minecraft:leather_chestplate":1,"minecraft:iron_ingot":5,"minecraft:iron_pickaxe":1,"minecraft:stone_pickaxe":1,"minecraft:stone_sword":1,"minecraft:torch":12,"minecraft:wheat":72},"minecraft:custom":{"minecraft:interact_with_furnace":19,"minecraft:mob_kills":19,"minecraft:interact_with_crafting_table":14,"minecraft:damage_dealt_resisted":1279,"minecraft:time_since_death":29094,"minecraft:time_since_rest":29094,"minecraft:sprint_one_cm":76888,"minecraft:damage_taken":647,"minecraft:walk_one_cm":75546,"minecraft:drop":35,"minecraft:damage_dealt":3030,"minecraft:fly_one_cm":135354,"minecraft:crouch_one_cm":489,"minecraft:play_time":29094,"minecraft:sneak_time":794,"minecraft:jump":637,"minecraft:total_world_time":29094,"minecraft:fall_one_cm":17728},"minecraft:mined":{"minecraft:crafting_table":1,"minecraft:torch":2,"minecraft:grass_block":1,"minecraft:cobblestone":2,"minecraft:tall_grass":9,"minecraft:diorite":4,"minecraft:wall_torch":4,"minecraft:hay_block":7,"minecraft:furnace":2,"minecraft:birch_log":6,"minecraft:iron_ore":6,"minecraft:birch_leaves":1,"minecraft:grass":22,"minecraft:coal_ore":39,"minecraft:gravel":1,"minecraft:dirt":9,"minecraft:stone":105,"minecraft:white_wool":1,"minecraft:oak_leaves":4},"minecraft:picked_up":{"minecraft:birch_log":7,"minecraft:crafting_table":2,"orcz:orcteeth":3,"minecraft:cooked_beef":1,"minecraft:chicken":1,"minecraft:leather":17,"minecraft:birch_planks":12,"minecraft:oak_log":1,"minecraft:string":1,"minecraft:dirt":66,"minecraft:bone":1,"minecraft:wheat_seeds":4,"minecraft:stone_pickaxe":1,"minecraft:beef":28,"minecraft:iron_ingot":1,"minecraft:oak_boat":1,"minecraft:sugar_cane":9,"minecraft:oak_planks":51,"minecraft:furnace":2,"minecraft:raw_iron":6,"minecraft:torch":7,"minecraft:gravel":2,"minecraft:porkchop":6,"minecraft:diorite":5,"minecraft:spider_eye":1,"minecraft:arrow":2,"butcher:butchersguidebook":3,"minecraft:hay_block":8,"minecraft:bread":6,"minecraft:oak_sapling":1,"minecraft:mutton":3,"minecraft:coal":65,"minecraft:white_wool":2,"minecraft:cobblestone":148},"minecraft:used":{"minecraft:diorite":2,"minecraft:stone_sword":71,"minecraft:stone_pickaxe":96,"minecraft:wooden_pickaxe":8,"minecraft:leather_chestplate":1,"minecraft:iron_sword":73,"minecraft:white_wool":1,"minecraft:torch":14,"minecraft:dirt":12,"minecraft:crafting_table":2,"minecraft:bread":9,"minecraft:iron_pickaxe":68,"minecraft:leather_helmet":1,"minecraft:gravel":1,"minecraft:cobblestone":11,"minecraft:furnace":2,"minecraft:cooked_beef":4},"minecraft:dropped":{"minecraft:gravel":1,"minecraft:bread":6,"minecraft:porkchop":6,"minecraft:wheat_seeds":4,"minecraft:cooked_beef":6,"minecraft:stone_sword":1,"minecraft:stick":1,"butcher:butchersguidebook":2,"minecraft:diorite":3,"minecraft:oak_sapling":1,"minecraft:spider_eye":1,"minecraft:stone_pickaxe":2,"minecraft:string":1}},"DataVersion":3465}