{"stats":{"minecraft:crafted":{"minecraft:oak_planks":4,"minecraft:stick":8,"minecraft:wooden_pickaxe":1,"minecraft:stone_pickaxe":1,"minecraft:stone_sword":1,"minecraft:birch_planks":24},"minecraft:killed":{"minecraft:sheep":1,"minecraft:pig":2,"minecraft:cow":6},"minecraft:custom":{"minecraft:time_since_rest":5094,"minecraft:sprint_one_cm":15867,"minecraft:damage_taken":28,"minecraft:walk_one_cm":14658,"minecraft:mob_kills":9,"minecraft:drop":7,"minecraft:damage_dealt":940,"minecraft:interact_with_crafting_table":3,"minecraft:fly_one_cm":27845,"minecraft:play_time":5094,"minecraft:jump":133,"minecraft:time_since_death":5094,"minecraft:total_world_time":5094,"minecraft:fall_one_cm":5066},"minecraft:mined":{"minecraft:birch_log":6,"minecraft:birch_leaves":1,"minecraft:grass":14,"minecraft:coal_ore":7,"minecraft:tall_grass":5,"minecraft:stone":6,"minecraft:oak_leaves":3},"minecraft:picked_up":{"minecraft:birch_log":6,"minecraft:chicken":1,"minecraft:leather":5,"minecraft:porkchop":6,"minecraft:oak_log":1,"minecraft:dirt":16,"minecraft:wheat_seeds":3,"butcher:butchersguidebook":2,"minecraft:beef":13,"minecraft:mutton":1,"minecraft:coal":7,"minecraft:white_wool":1,"minecraft:cobblestone":6},"minecraft:used":{"minecraft:stone_sword":41,"minecraft:stone_pickaxe":7,"minecraft:wooden_pickaxe":8},"minecraft:dropped":{"butcher:butchersguidebook":1,"minecraft:porkchop":3,"minecraft:wheat_seeds":3}},"DataVersion":3465}