{"stats":{"minecraft:used":{"minecraft:stone_sword":71,"minecraft:chest":1,"minecraft:iron_sword":159,"travelersbackpack:black_sleeping_bag":1,"minecraft:torch":28,"minecraft:dirt":12,"minecraft:granite":6,"minecraft:furnace":8,"minecraft:cooked_beef":13,"minecraft:cooked_mutton":11,"minecraft:diorite":2,"minecraft:stone_pickaxe":96,"minecraft:baked_potato":4,"minecraft:oak_planks":3,"minecraft:leather_chestplate":1,"minecraft:wooden_pickaxe":8,"minecraft:white_wool":1,"minecraft:crafting_table":3,"orcz:orcteeth_tool_sword":28,"minecraft:bread":18,"minecraft:iron_pickaxe":216,"minecraft:leather_helmet":1,"minecraft:gravel":1,"minecraft:stone_axe":4,"minecraft:cobblestone":98,"minecraft:yellow_bed":1},"minecraft:mined":{"iceandfire:silver_ore":1,"butcher:bloodgrate":1,"minecraft:granite":6,"minecraft:grass_block":3,"minecraft:hay_block":15,"minecraft:furnace":6,"minecraft:iron_ore":22,"minecraft:oak_stairs":1,"travelersbackpack:black_sleeping_bag":1,"minecraft:stone":157,"minecraft:white_wool":1,"minecraft:dandelion":1,"minecraft:crafting_table":3,"minecraft:torch":2,"minecraft:emerald_ore":3,"minecraft:tall_grass":14,"minecraft:cobblestone":14,"minecraft:sugar_cane":2,"minecraft:oak_planks":5,"minecraft:diorite":4,"minecraft:wall_torch":4,"minecraft:birch_log":6,"minecraft:birch_leaves":1,"minecraft:yellow_bed":1,"minecraft:grass":36,"minecraft:coal_ore":83,"minecraft:gravel":2,"minecraft:sand":13,"minecraft:dirt":15,"minecraft:stone_bricks":2,"minecraft:oak_leaves":4},"minecraft:picked_up":{"minecraft:crafting_table":6,"minecraft:chicken":1,"minecraft:oak_stairs":1,"minecraft:string":3,"minecraft:compass":1,"minecraft:beef":28,"minecraft:oak_boat":1,"travelersbackpack:black_sleeping_bag":1,"minecraft:light_gray_wool":1,"minecraft:sugar_cane":18,"minecraft:egg":3,"minecraft:furnace":6,"minecraft:stick":8,"minecraft:raw_iron":22,"minecraft:torch":7,"minecraft:porkchop":6,"minecraft:diorite":5,"minecraft:arrow":2,"minecraft:hay_block":16,"minecraft:gold_ingot":9,"minecraft:mutton":23,"minecraft:cobblestone":208,"minecraft:white_wool":10,"minecraft:birch_log":7,"minecraft:leather_chestplate":1,"minecraft:cooked_beef":1,"orcz:orcteeth":5,"minecraft:leather":21,"minecraft:birch_planks":12,"minecraft:oak_log":1,"minecraft:yellow_bed":2,"minecraft:dirt":83,"minecraft:cooked_mutton":3,"minecraft:leather_boots":1,"minecraft:glass":1,"minecraft:bone":4,"minecraft:apple":8,"minecraft:wheat_seeds":5,"orcz:orcteeth_tool_sword":2,"minecraft:stone_pickaxe":1,"minecraft:iron_ingot":1,"minecraft:oak_planks":151,"regions_unexplored:oak_shrub":1,"minecraft:dandelion":1,"minecraft:oak_pressure_plate":1,"minecraft:gravel":3,"orcz:blue_orcshroom":1,"minecraft:sand":32,"minecraft:spider_eye":2,"minecraft:diamond":9,"butcher:butchersguidebook":3,"minecraft:granite":6,"minecraft:gray_wool":1,"minecraft:emerald":3,"minecraft:bread":6,"minecraft:oak_sapling":1,"minecraft:black_wool":2,"minecraft:coal":163},"minecraft:killed":{"minecraft:spider":2,"minecraft:skeleton":2,"minecraft:horse":5,"minecraft:pig":2,"orcz:goblinsavagemace":1,"minecraft:sheep":12,"minecraft:donkey":1,"minecraft:zombie":3,"orcz:snot":2,"orcz:orcshield":2,"minecraft:cow":10},"minecraft:custom":{"minecraft:mob_kills":42,"minecraft:interact_with_crafting_table":36,"minecraft:open_barrel":4,"minecraft:damage_dealt_resisted":1279,"minecraft:leave_game":2,"minecraft:time_since_death":78042,"minecraft:sprint_one_cm":225739,"minecraft:walk_one_cm":209971,"minecraft:drop":78,"minecraft:talked_to_villager":3,"minecraft:play_time":78042,"minecraft:sneak_time":2820,"minecraft:walk_under_water_one_cm":319,"minecraft:jump":1850,"minecraft:walk_on_water_one_cm":8140,"minecraft:total_world_time":78042,"minecraft:interact_with_furnace":73,"minecraft:interact_with_cartography_table":1,"minecraft:sleep_in_bed":3,"minecraft:time_since_rest":4724,"minecraft:damage_taken":2106,"minecraft:damage_dealt":5854,"minecraft:fly_one_cm":398708,"minecraft:swim_one_cm":5874,"minecraft:player_kills":1,"minecraft:open_chest":31,"minecraft:crouch_one_cm":4583,"minecraft:interact_with_smoker":3,"minecraft:fall_one_cm":62469},"minecraft:crafted":{"minecraft:oak_planks":4,"minecraft:leather_boots":1,"minecraft:furnace":2,"minecraft:cooked_mutton":16,"minecraft:glass":15,"minecraft:iron_boots":1,"minecraft:stone_pickaxe":1,"minecraft:chest":1,"minecraft:wheat":144,"minecraft:cooked_beef":18,"minecraft:crafting_table":2,"travelersbackpack:backpack_tank":1,"minecraft:wooden_pickaxe":1,"minecraft:baked_potato":4,"minecraft:iron_sword":1,"minecraft:leather_helmet":1,"travelersbackpack:black_sleeping_bag":1,"minecraft:birch_planks":28,"minecraft:stone_axe":1,"minecraft:bread":48,"minecraft:air":0,"minecraft:iron_chestplate":1,"minecraft:iron_pickaxe":2,"minecraft:stick":48,"minecraft:iron_ingot":23,"minecraft:leather_chestplate":1,"minecraft:stone_sword":1,"minecraft:torch":60},"minecraft:dropped":{"minecraft:iron_ingot":4,"minecraft:bread":14,"minecraft:porkchop":6,"minecraft:wheat_seeds":5,"minecraft:oak_pressure_plate":1,"minecraft:cooked_beef":6,"minecraft:diamond":9,"minecraft:crafting_table":3,"minecraft:coal":20,"minecraft:stick":9,"minecraft:gray_wool":1,"minecraft:diorite":3,"minecraft:string":2,"minecraft:gold_ingot":9,"minecraft:gravel":2,"minecraft:compass":1,"minecraft:stone_sword":1,"minecraft:chicken":1,"minecraft:light_gray_wool":1,"orcz:orcteeth_tool_sword":2,"regions_unexplored:oak_shrub":1,"minecraft:cooked_mutton":2,"butcher:butchersguidebook":3,"minecraft:leather_chestplate":1,"minecraft:yellow_bed":1,"minecraft:leather_boots":1,"minecraft:oak_sapling":1,"minecraft:spider_eye":2,"minecraft:stone_pickaxe":2,"minecraft:egg":3}},"DataVersion":3465}