{"stats":{"minecraft:used":{"minecraft:cooked_mutton":2,"minecraft:diorite":2,"minecraft:stone_sword":71,"minecraft:stone_pickaxe":96,"minecraft:wooden_pickaxe":8,"minecraft:chest":1,"minecraft:leather_chestplate":1,"minecraft:iron_sword":132,"minecraft:torch":17,"minecraft:white_wool":1,"minecraft:dirt":12,"minecraft:crafting_table":2,"minecraft:granite":6,"minecraft:bread":15,"minecraft:iron_pickaxe":167,"minecraft:leather_helmet":1,"minecraft:gravel":1,"minecraft:cobblestone":64,"minecraft:furnace":4,"minecraft:cooked_beef":13},"minecraft:mined":{"iceandfire:silver_ore":1,"minecraft:crafting_table":1,"minecraft:torch":2,"minecraft:granite":6,"minecraft:emerald_ore":1,"minecraft:grass_block":3,"minecraft:tall_grass":12,"minecraft:cobblestone":3,"minecraft:diorite":4,"minecraft:wall_torch":4,"minecraft:hay_block":7,"minecraft:furnace":3,"minecraft:birch_log":6,"minecraft:iron_ore":11,"minecraft:birch_leaves":1,"minecraft:yellow_bed":1,"minecraft:grass":27,"minecraft:coal_ore":77,"minecraft:gravel":1,"minecraft:dirt":15,"minecraft:stone":146,"minecraft:white_wool":1,"minecraft:oak_leaves":4},"minecraft:picked_up":{"minecraft:birch_log":7,"minecraft:crafting_table":2,"minecraft:cooked_beef":1,"orcz:orcteeth":3,"minecraft:chicken":1,"minecraft:leather":21,"minecraft:birch_planks":12,"minecraft:oak_log":1,"minecraft:yellow_bed":2,"minecraft:string":2,"minecraft:dirt":83,"minecraft:leather_boots":1,"minecraft:cooked_mutton":2,"minecraft:compass":1,"minecraft:bone":4,"minecraft:wheat_seeds":4,"minecraft:iron_ingot":1,"minecraft:beef":28,"minecraft:stone_pickaxe":1,"minecraft:oak_boat":1,"minecraft:light_gray_wool":1,"minecraft:sugar_cane":9,"minecraft:oak_planks":139,"minecraft:furnace":3,"minecraft:egg":3,"minecraft:stick":8,"minecraft:raw_iron":11,"minecraft:torch":7,"minecraft:gravel":2,"minecraft:porkchop":6,"orcz:blue_orcshroom":1,"minecraft:diorite":5,"minecraft:spider_eye":2,"minecraft:arrow":2,"minecraft:diamond":9,"butcher:butchersguidebook":3,"minecraft:hay_block":8,"minecraft:granite":6,"minecraft:bread":6,"minecraft:gold_ingot":9,"minecraft:emerald":1,"minecraft:black_wool":2,"minecraft:oak_sapling":1,"minecraft:coal":121,"minecraft:mutton":13,"minecraft:white_wool":6,"minecraft:cobblestone":186},"minecraft:killed":{"minecraft:pig":2,"minecraft:spider":2,"minecraft:sheep":8,"minecraft:horse":5,"minecraft:skeleton":2,"minecraft:donkey":1,"minecraft:zombie":1,"orcz:snot":2,"orcz:orcshield":1,"minecraft:cow":10},"minecraft:custom":{"minecraft:interact_with_furnace":26,"minecraft:mob_kills":34,"minecraft:interact_with_cartography_table":1,"minecraft:interact_with_crafting_table":23,"minecraft:damage_dealt_resisted":1279,"minecraft:leave_game":2,"minecraft:time_since_death":54042,"minecraft:time_since_rest":54042,"minecraft:sprint_one_cm":141055,"minecraft:damage_taken":1301,"minecraft:walk_one_cm":127225,"minecraft:drop":64,"minecraft:damage_dealt":4665,"minecraft:talked_to_villager":3,"minecraft:fly_one_cm":251414,"minecraft:open_chest":15,"minecraft:crouch_one_cm":3676,"minecraft:play_time":54042,"minecraft:sneak_time":2585,"minecraft:jump":1170,"minecraft:walk_on_water_one_cm":1128,"minecraft:total_world_time":54042,"minecraft:fall_one_cm":37159},"minecraft:dropped":{"minecraft:gravel":1,"minecraft:iron_ingot":4,"minecraft:bread":14,"minecraft:compass":1,"minecraft:porkchop":6,"minecraft:wheat_seeds":4,"minecraft:cooked_beef":6,"minecraft:stone_sword":1,"minecraft:diamond":9,"minecraft:chicken":1,"minecraft:cooked_mutton":2,"minecraft:coal":20,"minecraft:stick":9,"butcher:butchersguidebook":3,"minecraft:diorite":3,"minecraft:yellow_bed":1,"minecraft:leather_boots":1,"minecraft:oak_sapling":1,"minecraft:spider_eye":2,"minecraft:stone_pickaxe":2,"minecraft:string":1,"minecraft:egg":2,"minecraft:gold_ingot":9},"minecraft:crafted":{"minecraft:cooked_beef":18,"minecraft:oak_planks":4,"minecraft:leather_boots":1,"minecraft:crafting_table":1,"minecraft:wooden_pickaxe":1,"minecraft:iron_sword":1,"minecraft:furnace":1,"minecraft:leather_helmet":1,"travelersbackpack:black_sleeping_bag":1,"minecraft:birch_planks":28,"minecraft:bread":24,"minecraft:cooked_mutton":3,"minecraft:air":0,"minecraft:iron_boots":1,"minecraft:stick":16,"minecraft:leather_chestplate":1,"minecraft:iron_ingot":12,"minecraft:iron_pickaxe":2,"minecraft:stone_pickaxe":1,"minecraft:stone_sword":1,"minecraft:chest":1,"minecraft:torch":12,"minecraft:wheat":72}},"DataVersion":3465}