{"stats":{"minecraft:custom":{"minecraft:time_since_rest":2101,"minecraft:sprint_one_cm":14184,"minecraft:damage_taken":375,"minecraft:walk_one_cm":17450,"minecraft:mob_kills":2,"minecraft:drop":1,"minecraft:damage_dealt":423,"minecraft:interact_with_crafting_table":2,"minecraft:fly_one_cm":20069,"minecraft:play_time":7462,"minecraft:deaths":1,"minecraft:jump":132,"minecraft:leave_game":1,"minecraft:time_since_death":2070,"minecraft:total_world_time":7462,"minecraft:fall_one_cm":4672},"minecraft:used":{"minecraft:stone_sword":13,"minecraft:wooden_pickaxe":8,"minecraft:white_wool":1,"minecraft:mutton":1,"minecraft:egg":1,"minecraft:gray_wool":1},"minecraft:killed":{"minecraft:sheep":2},"minecraft:crafted":{"minecraft:oak_planks":24,"minecraft:stick":8,"minecraft:wooden_pickaxe":1,"minecraft:stone_pickaxe":1,"minecraft:stone_sword":1,"minecraft:birch_planks":4},"minecraft:mined":{"minecraft:birch_log":1,"minecraft:birch_leaves":2,"minecraft:grass":2,"minecraft:oak_log":6,"minecraft:stone":6,"minecraft:white_wool":1,"minecraft:oak_leaves":2},"minecraft:picked_up":{"minecraft:birch_log":1,"minecraft:stick":3,"minecraft:wooden_pickaxe":1,"minecraft:oak_log":6,"minecraft:stone_sword":1,"butcher:butchersguidebook":1,"minecraft:stone_pickaxe":1,"minecraft:gray_wool":2,"minecraft:mutton":4,"minecraft:oak_planks":17,"minecraft:white_wool":3,"minecraft:cobblestone":7,"minecraft:egg":1},"minecraft:dropped":{"minecraft:wooden_pickaxe":1}},"DataVersion":3465}