{"stats":{"minecraft:custom":{"minecraft:jump":73,"minecraft:time_since_rest":828,"minecraft:crouch_one_cm":675,"minecraft:damage_dealt":41,"minecraft:sprint_one_cm":8326,"minecraft:leave_game":4,"minecraft:play_time":6419,"minecraft:damage_taken":305,"minecraft:time_since_death":800,"minecraft:walk_one_cm":21201,"minecraft:sneak_time":237,"minecraft:total_world_time":6419,"minecraft:fall_one_cm":1947,"minecraft:fly_one_cm":7254,"minecraft:deaths":1},"minecraft:used":{"minecraft:oak_planks":2},"minecraft:crafted":{"minecraft:oak_planks":48},"minecraft:mined":{"minecraft:oak_log":12,"minecraft:oak_leaves":13},"minecraft:picked_up":{"minecraft:oak_log":12,"minecraft:oak_sapling":2},"minecraft:killed_by":{"minecraft:zombie":1}},"DataVersion":3465}