{"stats":{"minecraft:used":{"minecraft:stone_sword":131,"minecraft:flint_and_steel":1,"minecraft:stone_pickaxe":49,"minecraft:oak_planks":55,"minecraft:wooden_pickaxe":17,"minecraft:cherry_planks":3,"minecraft:torch":1,"minecraft:dirt":10,"minecraft:crafting_table":2,"minecraft:wooden_axe":54,"minecraft:red_wool":2,"minecraft:bread":18,"minecraft:gravel":1,"minecraft:cobblestone":13,"minecraft:furnace":3,"minecraft:cooked_porkchop":9},"minecraft:mined":{"minecraft:spruce_planks":2,"minecraft:white_bed":1,"minecraft:cherry_planks":3,"minecraft:red_wool":4,"minecraft:blackstone":3,"minecraft:cherry_log":11,"minecraft:crafting_table":2,"minecraft:acacia_log":1,"minecraft:grass_block":3,"minecraft:cobblestone":3,"regions_unexplored:purple_coneflower":10,"minecraft:oak_planks":1,"minecraft:wall_torch":1,"minecraft:pink_petals":26,"minecraft:skeleton_skull":1,"minecraft:hay_block":6,"minecraft:magma_block":3,"minecraft:furnace":2,"orcz:orcagaric":3,"minecraft:fire":1,"minecraft:moss_carpet":2,"minecraft:grass":23,"minecraft:oak_log":19,"minecraft:coal_ore":10,"minecraft:oak_stairs":1,"minecraft:cherry_leaves":27,"minecraft:gravel":1,"minecraft:dirt":7,"minecraft:stone":23,"minecraft:netherrack":1,"minecraft:oak_leaves":7},"minecraft:picked_up":{"minecraft:pink_petals":60,"minecraft:magma_block":3,"minecraft:crafting_table":2,"minecraft:feather":3,"minecraft:chicken":2,"minecraft:cherry_planks":3,"minecraft:oak_stairs":1,"minecraft:oak_log":19,"minecraft:dirt":10,"minecraft:moss_carpet":2,"minecraft:blackstone":3,"minecraft:birch_sapling":2,"minecraft:oak_planks":1,"minecraft:egg":1,"minecraft:furnace":2,"minecraft:stick":2,"minecraft:cooked_porkchop":1,"minecraft:acacia_log":1,"minecraft:red_wool":4,"minecraft:torch":2,"orcz:orcagaric":3,"minecraft:gravel":1,"minecraft:porkchop":14,"minecraft:cherry_log":11,"orcz:palisadedarkoak":1,"minecraft:white_bed":1,"regions_unexplored:purple_coneflower":25,"minecraft:hay_block":7,"minecraft:cherry_sapling":3,"minecraft:oak_sapling":1,"minecraft:netherrack":1,"minecraft:coal":19,"minecraft:skeleton_skull":1,"minecraft:cobblestone":26},"minecraft:killed":{"minecraft:pig":5,"minecraft:chicken":2,"orcz:orcshield":1},"minecraft:custom":{"minecraft:interact_with_furnace":10,"minecraft:mob_kills":8,"minecraft:interact_with_crafting_table":8,"minecraft:damage_dealt_resisted":1051,"minecraft:time_since_death":58413,"minecraft:time_since_rest":58413,"minecraft:sprint_one_cm":167802,"minecraft:damage_taken":1608,"minecraft:walk_one_cm":168833,"minecraft:drop":9,"minecraft:damage_dealt":1402,"minecraft:swim_one_cm":16221,"minecraft:fly_one_cm":201334,"minecraft:open_chest":19,"minecraft:crouch_one_cm":8474,"minecraft:play_time":58413,"minecraft:sneak_time":3470,"minecraft:walk_under_water_one_cm":2251,"minecraft:jump":1258,"minecraft:walk_on_water_one_cm":2074,"minecraft:total_world_time":58413,"minecraft:fall_one_cm":39642,"minecraft:horse_one_cm":246912},"minecraft:broken":{"minecraft:wooden_axe":1},"minecraft:dropped":{"minecraft:moss_carpet":2,"orcz:palisadedarkoak":1,"minecraft:birch_sapling":2,"minecraft:white_bed":1,"minecraft:oak_sapling":1,"minecraft:wooden_pickaxe":2,"minecraft:netherrack":1},"minecraft:crafted":{"minecraft:cherry_planks":4,"minecraft:oak_planks":76,"minecraft:cooked_porkchop":8,"minecraft:crafting_table":1,"minecraft:wooden_pickaxe":2,"minecraft:cooked_chicken":1,"minecraft:furnace":1,"minecraft:bread":21,"minecraft:air":0,"minecraft:stick":12,"minecraft:stone_pickaxe":1,"minecraft:wooden_axe":1,"minecraft:stone_sword":1,"minecraft:acacia_planks":4,"minecraft:torch":8,"minecraft:wheat":63}},"DataVersion":3465}