{"stats":{"minecraft:used":{"minecraft:stone_sword":161,"minecraft:flint_and_steel":1,"minecraft:stone_pickaxe":87,"minecraft:oak_planks":60,"minecraft:wooden_pickaxe":17,"minecraft:cherry_planks":21,"minecraft:cooked_chicken":2,"minecraft:torch":1,"minecraft:dirt":10,"orcz:bone_1":1,"minecraft:crafting_table":5,"butcher:cowcorpseitem":2,"minecraft:white_bed":1,"minecraft:wooden_axe":54,"minecraft:red_wool":2,"minecraft:bread":18,"minecraft:gravel":1,"minecraft:cobblestone":13,"travelersbackpack:standard":1,"minecraft:furnace":6,"minecraft:cooked_porkchop":9},"minecraft:picked_up":{"minecraft:leather_chestplate":1,"minecraft:pink_petals":60,"minecraft:magma_block":3,"minecraft:crafting_table":4,"butcher:butchers_knife":1,"minecraft:feather":3,"minecraft:chicken":2,"minecraft:cherry_planks":3,"minecraft:leather":10,"minecraft:oak_stairs":1,"minecraft:flint":3,"minecraft:oak_log":19,"butcher:cowcorpseitem":2,"minecraft:string":1,"minecraft:dirt":10,"minecraft:moss_carpet":2,"minecraft:bone":1,"minecraft:blackstone":3,"minecraft:acacia_planks":28,"minecraft:beef":10,"minecraft:cooked_chicken":1,"minecraft:birch_sapling":2,"minecraft:oak_planks":5,"minecraft:egg":1,"minecraft:furnace":3,"minecraft:stick":2,"minecraft:raw_iron":4,"minecraft:cooked_porkchop":1,"orcz:bone_1":1,"minecraft:oak_fence":1,"minecraft:acacia_log":1,"minecraft:red_wool":4,"minecraft:torch":2,"orcz:orcagaric":3,"minecraft:gravel":1,"minecraft:porkchop":14,"minecraft:sand":18,"minecraft:cherry_log":11,"orcz:orcteeth_armor_armor_boots":1,"orcz:palisadedarkoak":1,"minecraft:white_bed":2,"regions_unexplored:purple_coneflower":25,"minecraft:tropical_fish":1,"minecraft:hay_block":7,"minecraft:cherry_sapling":3,"minecraft:white_wool":5,"minecraft:oak_sapling":1,"minecraft:netherrack":1,"iceandfire:raw_silver":1,"minecraft:coal":24,"minecraft:skeleton_skull":1,"minecraft:cobblestone":52},"minecraft:mined":{"orcz:bone_1":1,"minecraft:spruce_planks":2,"minecraft:white_bed":2,"minecraft:cherry_planks":3,"iceandfire:silver_ore":1,"minecraft:red_wool":4,"minecraft:blackstone":3,"minecraft:cherry_log":11,"minecraft:oak_fence":1,"minecraft:crafting_table":4,"minecraft:acacia_log":1,"minecraft:grass_block":5,"minecraft:cobblestone":3,"regions_unexplored:purple_coneflower":10,"minecraft:oak_planks":1,"minecraft:wall_torch":1,"minecraft:pink_petals":26,"minecraft:skeleton_skull":1,"minecraft:hay_block":6,"minecraft:magma_block":3,"minecraft:furnace":5,"minecraft:iron_ore":4,"orcz:orcagaric":3,"minecraft:fire":1,"minecraft:moss_carpet":2,"minecraft:grass":27,"minecraft:oak_log":19,"minecraft:coal_ore":11,"minecraft:oak_stairs":1,"minecraft:cherry_leaves":27,"minecraft:sand":18,"minecraft:gravel":1,"minecraft:dirt":7,"minecraft:cobweb":1,"minecraft:stone":51,"minecraft:netherrack":1,"minecraft:oak_leaves":7},"minecraft:killed":{"minecraft:pig":5,"minecraft:chicken":2,"minecraft:tropical_fish":1,"orcz:orcshield":1,"minecraft:cow":5},"minecraft:custom":{"minecraft:interact_with_furnace":20,"minecraft:mob_kills":14,"minecraft:interact_with_crafting_table":18,"minecraft:damage_dealt_resisted":1051,"minecraft:time_since_death":76413,"minecraft:time_since_rest":76413,"minecraft:sprint_one_cm":196348,"minecraft:damage_taken":1813,"minecraft:walk_one_cm":238095,"minecraft:drop":24,"minecraft:damage_dealt":1932,"minecraft:swim_one_cm":31900,"minecraft:fly_one_cm":221357,"minecraft:open_chest":21,"minecraft:crouch_one_cm":10305,"minecraft:play_time":76413,"minecraft:sneak_time":3891,"minecraft:walk_under_water_one_cm":5564,"minecraft:jump":1480,"minecraft:walk_on_water_one_cm":5657,"minecraft:total_world_time":76413,"minecraft:fall_one_cm":42934,"minecraft:horse_one_cm":630275},"minecraft:broken":{"minecraft:wooden_axe":1},"minecraft:dropped":{"iceandfire:raw_silver":1,"minecraft:moss_carpet":2,"minecraft:porkchop":1,"butcher:butchers_knife":1,"orcz:palisadedarkoak":1,"minecraft:birch_sapling":2,"minecraft:red_wool":2,"minecraft:tropical_fish":1,"minecraft:white_bed":1,"minecraft:coal":3,"minecraft:flint":3,"minecraft:emerald":2,"minecraft:leather_chestplate":1,"minecraft:torch":1,"minecraft:oak_sapling":1,"minecraft:oak_stairs":1,"minecraft:wooden_pickaxe":2,"minecraft:white_wool":2,"minecraft:netherrack":1,"minecraft:bone":1},"minecraft:crafted":{"minecraft:cherry_planks":44,"minecraft:oak_planks":76,"minecraft:cooked_porkchop":8,"minecraft:crafting_table":1,"travelersbackpack:backpack_tank":2,"travelersbackpack:standard":1,"minecraft:wooden_pickaxe":2,"minecraft:cooked_chicken":1,"minecraft:furnace":3,"minecraft:bread":21,"minecraft:air":0,"minecraft:glass":12,"travelersbackpack:white_sleeping_bag":1,"minecraft:stick":12,"minecraft:stone_pickaxe":1,"minecraft:wooden_axe":1,"minecraft:chest":1,"minecraft:stone_sword":1,"minecraft:acacia_planks":4,"minecraft:torch":8,"minecraft:wheat":63}},"DataVersion":3465}