{"stats":{"minecraft:killed":{"minecraft:pig":5,"minecraft:chicken":2,"orcz:orcshield":1},"minecraft:crafted":{"minecraft:oak_planks":52,"minecraft:cooked_porkchop":8,"minecraft:crafting_table":1,"minecraft:wooden_pickaxe":1,"minecraft:furnace":1,"minecraft:bread":21,"minecraft:air":0,"minecraft:stick":8,"minecraft:stone_pickaxe":1,"minecraft:wooden_axe":1,"minecraft:stone_sword":1,"minecraft:torch":8,"minecraft:wheat":63},"minecraft:custom":{"minecraft:interact_with_furnace":8,"minecraft:mob_kills":8,"minecraft:interact_with_crafting_table":6,"minecraft:damage_dealt_resisted":1051,"minecraft:time_since_death":40427,"minecraft:time_since_rest":40427,"minecraft:sprint_one_cm":137082,"minecraft:damage_taken":1288,"minecraft:walk_one_cm":130732,"minecraft:drop":5,"minecraft:damage_dealt":997,"minecraft:swim_one_cm":14769,"minecraft:fly_one_cm":163026,"minecraft:open_chest":11,"minecraft:crouch_one_cm":5796,"minecraft:play_time":40427,"minecraft:sneak_time":2288,"minecraft:walk_under_water_one_cm":577,"minecraft:jump":966,"minecraft:walk_on_water_one_cm":1296,"minecraft:total_world_time":40427,"minecraft:fall_one_cm":32114},"minecraft:mined":{"minecraft:white_bed":1,"minecraft:red_wool":2,"minecraft:blackstone":3,"minecraft:crafting_table":1,"minecraft:cobblestone":3,"regions_unexplored:purple_coneflower":10,"minecraft:oak_planks":1,"minecraft:wall_torch":1,"minecraft:skeleton_skull":1,"minecraft:hay_block":6,"minecraft:furnace":2,"orcz:orcagaric":3,"minecraft:moss_carpet":2,"minecraft:grass":20,"minecraft:oak_log":13,"minecraft:coal_ore":10,"minecraft:oak_stairs":1,"minecraft:gravel":1,"minecraft:dirt":6,"minecraft:stone":23,"minecraft:oak_leaves":7},"minecraft:picked_up":{"minecraft:crafting_table":1,"minecraft:feather":3,"minecraft:chicken":2,"minecraft:oak_stairs":1,"minecraft:oak_log":13,"minecraft:dirt":6,"minecraft:moss_carpet":2,"minecraft:blackstone":3,"minecraft:birch_sapling":2,"minecraft:oak_planks":1,"minecraft:egg":1,"minecraft:furnace":2,"minecraft:stick":1,"minecraft:cooked_porkchop":1,"minecraft:red_wool":2,"minecraft:torch":2,"orcz:orcagaric":3,"minecraft:gravel":1,"minecraft:porkchop":14,"minecraft:white_bed":1,"orcz:palisadedarkoak":1,"regions_unexplored:purple_coneflower":25,"minecraft:hay_block":7,"minecraft:oak_sapling":1,"minecraft:coal":19,"minecraft:skeleton_skull":1,"minecraft:cobblestone":26},"minecraft:dropped":{"minecraft:birch_sapling":2,"minecraft:white_bed":1,"minecraft:oak_sapling":1,"minecraft:wooden_pickaxe":1},"minecraft:used":{"minecraft:stone_sword":84,"minecraft:stone_pickaxe":37,"minecraft:oak_planks":39,"minecraft:wooden_pickaxe":15,"minecraft:torch":1,"minecraft:dirt":6,"minecraft:crafting_table":1,"minecraft:wooden_axe":22,"minecraft:bread":11,"minecraft:gravel":1,"minecraft:cobblestone":12,"minecraft:furnace":2,"minecraft:cooked_porkchop":9}},"DataVersion":3465}