{"stats":{"minecraft:killed":{"minecraft:pig":4,"minecraft:chicken":2,"orcz:orcshield":1},"minecraft:crafted":{"minecraft:oak_planks":52,"minecraft:cooked_porkchop":8,"minecraft:crafting_table":1,"minecraft:stick":8,"minecraft:wooden_pickaxe":1,"minecraft:wooden_axe":1,"minecraft:stone_pickaxe":1,"minecraft:stone_sword":1,"minecraft:furnace":1,"minecraft:torch":8,"minecraft:bread":21,"minecraft:air":0,"minecraft:wheat":63},"minecraft:custom":{"minecraft:time_since_rest":28427,"minecraft:interact_with_furnace":8,"minecraft:sprint_one_cm":93255,"minecraft:damage_taken":653,"minecraft:walk_one_cm":86287,"minecraft:mob_kills":7,"minecraft:drop":5,"minecraft:damage_dealt":601,"minecraft:swim_one_cm":14769,"minecraft:interact_with_crafting_table":6,"minecraft:fly_one_cm":117669,"minecraft:open_chest":2,"minecraft:crouch_one_cm":3873,"minecraft:play_time":28427,"minecraft:sneak_time":1660,"minecraft:walk_under_water_one_cm":577,"minecraft:damage_dealt_resisted":194,"minecraft:jump":723,"minecraft:time_since_death":28427,"minecraft:walk_on_water_one_cm":1296,"minecraft:total_world_time":28427,"minecraft:fall_one_cm":22229},"minecraft:picked_up":{"minecraft:stick":1,"minecraft:crafting_table":1,"minecraft:feather":3,"minecraft:chicken":2,"minecraft:cooked_porkchop":1,"minecraft:torch":1,"minecraft:oak_stairs":1,"minecraft:gravel":1,"minecraft:porkchop":13,"minecraft:oak_log":13,"orcz:palisadedarkoak":1,"minecraft:white_bed":1,"minecraft:dirt":6,"minecraft:moss_carpet":2,"regions_unexplored:purple_coneflower":25,"minecraft:hay_block":7,"minecraft:oak_planks":1,"minecraft:oak_sapling":1,"minecraft:birch_sapling":2,"minecraft:coal":19,"minecraft:furnace":2,"minecraft:cobblestone":25,"minecraft:egg":1},"minecraft:mined":{"minecraft:hay_block":6,"minecraft:white_bed":1,"minecraft:furnace":2,"minecraft:moss_carpet":2,"minecraft:crafting_table":1,"minecraft:grass":17,"minecraft:coal_ore":10,"minecraft:oak_log":13,"minecraft:oak_stairs":1,"minecraft:gravel":1,"minecraft:dirt":6,"minecraft:cobblestone":2,"regions_unexplored:purple_coneflower":10,"minecraft:stone":23,"minecraft:oak_planks":1,"minecraft:wall_torch":1,"minecraft:oak_leaves":5},"minecraft:dropped":{"minecraft:birch_sapling":2,"minecraft:oak_sapling":1,"minecraft:wooden_pickaxe":1,"minecraft:white_bed":1},"minecraft:used":{"minecraft:wooden_axe":9,"minecraft:stone_sword":53,"minecraft:bread":2,"minecraft:stone_pickaxe":30,"minecraft:oak_planks":15,"minecraft:wooden_pickaxe":15,"minecraft:gravel":1,"minecraft:torch":1,"minecraft:dirt":6,"minecraft:crafting_table":1,"minecraft:furnace":2,"minecraft:cooked_porkchop":6}},"DataVersion":3465}