{"stats":{"minecraft:used":{"orcz:blue_orcshroom":2,"minecraft:cherry_sapling":5,"minecraft:stone_sword":184,"minecraft:flint_and_steel":2,"minecraft:armor_stand":1,"minecraft:chest":1,"minecraft:iron_sword":46,"minecraft:cooked_chicken":2,"minecraft:torch":7,"minecraft:dirt":10,"butcher:cowheadmount":2,"butcher:cowcorpseitem":2,"butcher:panda_head_mount":1,"minecraft:wooden_axe":54,"minecraft:lantern":2,"minecraft:red_wool":2,"minecraft:cherry_slab":4,"boh:venison":2,"regions_unexplored:purple_coneflower":25,"minecraft:iron_boots":1,"orcz:orcagaric":4,"minecraft:red_carpet":11,"minecraft:furnace":9,"minecraft:skeleton_skull":1,"minecraft:cooked_beef":10,"minecraft:acacia_planks":24,"minecraft:cherry_log":7,"butcher:raw_leg_of_lamb":2,"minecraft:stone_pickaxe":108,"minecraft:oak_planks":63,"butcher:villager_meat":2,"minecraft:wooden_pickaxe":17,"minecraft:cherry_planks":67,"minecraft:golden_apple":1,"orcz:bone_1":1,"minecraft:crafting_table":10,"minecraft:red_bed":1,"orcz:orcteeth_armor_armor_boots":2,"minecraft:white_bed":4,"orcz:orcteeth_tool_sword":8,"minecraft:cherry_door":2,"minecraft:bread":24,"minecraft:string":1,"minecraft:iron_pickaxe":6,"minecraft:gravel":1,"butcher:raw_lamb_shoulder":1,"minecraft:stone_axe":69,"minecraft:pink_petals":4,"orcz:bone_1deco":4,"butcher:goat_head_mount":2,"minecraft:cobblestone":16,"travelersbackpack:standard":3,"minecraft:cooked_porkchop":12,"minecraft:yellow_bed":1,"minecraft:candle":4,"minecraft:dandelion":1},"minecraft:mined":{"minecraft:dark_oak_planks":4,"minecraft:red_carpet":12,"minecraft:spruce_planks":2,"minecraft:white_bed":5,"iceandfire:silver_ore":1,"minecraft:candle":1,"minecraft:cherry_log":12,"butcher:cowheadmount":2,"minecraft:dark_oak_fence":2,"minecraft:acacia_log":1,"minecraft:grass_block":5,"regions_unexplored:purple_coneflower":10,"minecraft:hay_block":6,"minecraft:magma_block":3,"minecraft:furnace":7,"minecraft:cobbled_deepslate":1,"minecraft:iron_ore":5,"minecraft:fire":1,"minecraft:moss_carpet":2,"minecraft:azure_bluet":1,"minecraft:peony":1,"minecraft:vine":1,"minecraft:oak_stairs":1,"minecraft:lantern":2,"regions_unexplored:apple_oak_leaves":4,"butcher:goat_head_mount":2,"minecraft:stone":56,"minecraft:oak_slab":1,"orcz:bone_1":1,"minecraft:glass_pane":2,"minecraft:cherry_planks":20,"minecraft:red_wool":4,"minecraft:red_bed":3,"minecraft:blackstone":3,"minecraft:dandelion":1,"travelersbackpack:standard":2,"minecraft:oak_fence":1,"minecraft:crafting_table":7,"minecraft:rose_bush":2,"minecraft:tall_grass":1,"minecraft:cobblestone":3,"minecraft:oak_planks":15,"minecraft:wall_torch":1,"minecraft:cherry_slab":2,"minecraft:skeleton_skull":1,"minecraft:pink_petals":26,"minecraft:dark_oak_slab":18,"boh:spinel_ore_ore":2,"butcher:panda_head_mount":1,"orcz:orcagaric":3,"minecraft:grass":33,"orcz:blue_orcshroom":2,"minecraft:coal_ore":20,"minecraft:oak_log":19,"minecraft:cherry_leaves":29,"minecraft:dirt":7,"minecraft:gravel":1,"minecraft:sand":18,"minecraft:cobweb":1,"minecraft:acacia_planks":2,"minecraft:netherrack":1,"minecraft:oak_leaves":16},"minecraft:picked_up":{"minecraft:wooden_axe":3,"minecraft:crafting_table":8,"minecraft:azure_bluet":2,"butcher:raw_lamb_shoulder":1,"boh:venison":2,"minecraft:chicken":2,"boh:spinel":2,"minecraft:oak_stairs":1,"minecraft:crimson_trapdoor":1,"butcher:cowcorpseitem":2,"minecraft:string":10,"minecraft:red_bed":2,"minecraft:moss_carpet":2,"minecraft:flint_and_steel":2,"minecraft:armor_stand":1,"minecraft:blackstone":3,"minecraft:candle":4,"minecraft:cobbled_deepslate":3,"minecraft:beef":13,"minecraft:rose_bush":2,"minecraft:iron_pickaxe":2,"minecraft:spruce_slab":34,"minecraft:birch_sapling":2,"minecraft:spruce_trapdoor":9,"minecraft:furnace":5,"minecraft:egg":1,"minecraft:golden_helmet":3,"minecraft:stick":16,"minecraft:raw_iron":5,"minecraft:oak_fence":10,"minecraft:torch":41,"minecraft:acacia_log":1,"minecraft:porkchop":14,"minecraft:cherry_log":26,"orcz:palisadedarkoak":1,"orcz:orcteeth_armor_armor_boots":3,"minecraft:golden_chestplate":2,"minecraft:dark_oak_planks":1,"regions_unexplored:purple_coneflower":25,"minecraft:rotten_flesh":4,"minecraft:arrow":3,"minecraft:tropical_fish":1,"minecraft:peony":1,"butcher:panda_head_mount":1,"orcz:orcshroom":2,"minecraft:hay_block":7,"minecraft:gold_ingot":2,"minecraft:glow_berries":12,"minecraft:mutton":3,"minecraft:skeleton_skull":1,"minecraft:white_wool":5,"minecraft:cobblestone":58,"minecraft:cooked_beef":13,"minecraft:pink_petals":60,"butcher:villager_meat":2,"minecraft:magma_block":3,"minecraft:leather_chestplate":1,"minecraft:feather":3,"butcher:butchers_knife":1,"orcz:orcteeth":11,"minecraft:cherry_planks":90,"minecraft:salmon":27,"minecraft:leather":12,"minecraft:flint":3,"minecraft:oak_log":19,"butcher:cowheadmount":2,"minecraft:lantern":2,"minecraft:dirt":10,"minecraft:cooked_mutton":2,"minecraft:red_carpet":12,"minecraft:bone":7,"minecraft:acacia_planks":35,"minecraft:wheat_seeds":2,"orcz:orcteeth_tool_sword":1,"minecraft:stone_pickaxe":2,"minecraft:iron_ingot":5,"minecraft:cooked_chicken":1,"butcher:goat_head_mount":2,"minecraft:iron_sword":2,"minecraft:oak_planks":19,"minecraft:oak_slab":2,"minecraft:dark_oak_slab":63,"minecraft:cooked_porkchop":4,"orcz:bone_1":1,"minecraft:red_wool":4,"minecraft:dandelion":1,"orcz:orcagaric":5,"minecraft:gravel":1,"minecraft:sand":18,"orcz:blue_orcshroom":3,"minecraft:ink_sac":6,"minecraft:white_bed":5,"travelersbackpack:standard":2,"minecraft:stone_axe":2,"minecraft:cherry_sapling":5,"minecraft:golden_apple":2,"orcz:ironscrap":14,"minecraft:cherry_slab":30,"minecraft:oak_sapling":1,"minecraft:netherrack":1,"minecraft:dark_oak_fence":8,"minecraft:coal":39,"iceandfire:raw_silver":1},"minecraft:killed":{"minecraft:spider":1,"minecraft:skeleton":1,"minecraft:chicken":2,"minecraft:drowned":1,"boh:rat":1,"minecraft:tropical_fish":1,"minecraft:pig":5,"minecraft:salmon":11,"orcz:goblinsavagemace":2,"boh:deer":1,"orcz:orcshield":2,"minecraft:cow":7},"minecraft:custom":{"minecraft:mob_kills":35,"minecraft:interact_with_crafting_table":35,"minecraft:open_barrel":2,"minecraft:damage_dealt_resisted":1051,"minecraft:leave_game":1,"minecraft:time_since_death":53787,"minecraft:climb_one_cm":2822,"minecraft:sprint_one_cm":486745,"minecraft:walk_one_cm":665953,"minecraft:drop":34,"minecraft:play_time":186467,"minecraft:deaths":2,"minecraft:sneak_time":5195,"minecraft:walk_under_water_one_cm":19071,"minecraft:jump":2720,"minecraft:walk_on_water_one_cm":22452,"minecraft:total_world_time":186467,"minecraft:interact_with_furnace":38,"minecraft:sleep_in_bed":7,"minecraft:time_since_rest":7493,"minecraft:damage_taken":3620,"minecraft:damage_absorbed":40,"minecraft:trigger_trapped_chest":1,"minecraft:damage_dealt":3848,"minecraft:swim_one_cm":60400,"minecraft:fly_one_cm":422218,"minecraft:open_chest":30,"minecraft:crouch_one_cm":14496,"minecraft:interact_with_smoker":1,"minecraft:fall_one_cm":69607,"minecraft:horse_one_cm":718251},"minecraft:broken":{"minecraft:stone_sword":1,"minecraft:wooden_axe":1},"minecraft:dropped":{"iceandfire:raw_silver":1,"minecraft:porkchop":1,"minecraft:wheat_seeds":1,"minecraft:cherry_log":6,"butcher:butchers_knife":1,"orcz:palisadedarkoak":1,"orcz:orcagaric":1,"minecraft:red_wool":2,"minecraft:tropical_fish":1,"minecraft:coal":3,"minecraft:emerald":2,"minecraft:flint":3,"minecraft:torch":2,"minecraft:wooden_axe":1,"minecraft:cherry_planks":24,"minecraft:oak_stairs":1,"minecraft:pink_petals":56,"minecraft:white_wool":2,"minecraft:gold_ingot":1,"minecraft:bone":1,"minecraft:moss_carpet":2,"minecraft:birch_sapling":2,"minecraft:rotten_flesh":1,"minecraft:white_bed":1,"minecraft:leather_chestplate":1,"minecraft:peony":1,"minecraft:oak_sapling":1,"minecraft:wooden_pickaxe":2,"minecraft:netherrack":1},"minecraft:crafted":{"minecraft:cherry_planks":52,"minecraft:oak_planks":76,"minecraft:cooked_chicken":1,"minecraft:furnace":4,"orcz:orcteeth_armor_armor_chestplate":1,"minecraft:glass":12,"minecraft:iron_boots":1,"travelersbackpack:white_sleeping_bag":1,"minecraft:stone_pickaxe":1,"minecraft:chest":2,"minecraft:wheat":63,"minecraft:cooked_beef":10,"orcz:orcteeth_armor_armor_leggings":1,"minecraft:cooked_porkchop":8,"minecraft:crafting_table":3,"travelersbackpack:backpack_tank":2,"minecraft:wooden_pickaxe":2,"travelersbackpack:standard":1,"minecraft:iron_sword":1,"minecraft:stone_axe":1,"minecraft:bread":21,"minecraft:air":0,"minecraft:stick":20,"minecraft:iron_ingot":7,"minecraft:iron_pickaxe":1,"minecraft:wooden_axe":2,"minecraft:stone_sword":1,"minecraft:cherry_door":3,"minecraft:acacia_planks":4,"minecraft:torch":8}},"DataVersion":3465}