{"stats":{"minecraft:used":{"minecraft:stone_sword":157,"minecraft:flint_and_steel":1,"minecraft:stone_pickaxe":74,"minecraft:oak_planks":58,"minecraft:wooden_pickaxe":17,"minecraft:cherry_planks":3,"minecraft:cooked_chicken":1,"minecraft:torch":1,"minecraft:dirt":10,"minecraft:crafting_table":3,"minecraft:wooden_axe":54,"minecraft:red_wool":2,"minecraft:bread":18,"minecraft:gravel":1,"minecraft:cobblestone":13,"minecraft:furnace":5,"minecraft:cooked_porkchop":9},"minecraft:mined":{"minecraft:spruce_planks":2,"minecraft:white_bed":1,"minecraft:cherry_planks":3,"iceandfire:silver_ore":1,"minecraft:red_wool":4,"minecraft:blackstone":3,"minecraft:cherry_log":11,"minecraft:crafting_table":2,"minecraft:acacia_log":1,"minecraft:grass_block":3,"minecraft:cobblestone":3,"regions_unexplored:purple_coneflower":10,"minecraft:oak_planks":1,"minecraft:wall_torch":1,"minecraft:pink_petals":26,"minecraft:skeleton_skull":1,"minecraft:hay_block":6,"minecraft:magma_block":3,"minecraft:furnace":3,"orcz:orcagaric":3,"minecraft:fire":1,"minecraft:moss_carpet":2,"minecraft:grass":27,"minecraft:oak_log":19,"minecraft:coal_ore":10,"minecraft:oak_stairs":1,"minecraft:cherry_leaves":27,"minecraft:sand":18,"minecraft:gravel":1,"minecraft:dirt":7,"minecraft:stone":46,"minecraft:netherrack":1,"minecraft:oak_leaves":7},"minecraft:picked_up":{"minecraft:pink_petals":60,"minecraft:magma_block":3,"minecraft:crafting_table":2,"minecraft:feather":3,"minecraft:chicken":2,"minecraft:cherry_planks":3,"minecraft:leather":10,"minecraft:oak_stairs":1,"minecraft:oak_log":19,"minecraft:dirt":10,"minecraft:moss_carpet":2,"minecraft:blackstone":3,"minecraft:beef":10,"minecraft:cooked_chicken":1,"minecraft:birch_sapling":2,"minecraft:oak_planks":5,"minecraft:egg":1,"minecraft:furnace":2,"minecraft:stick":2,"minecraft:cooked_porkchop":1,"minecraft:acacia_log":1,"minecraft:red_wool":4,"minecraft:torch":2,"orcz:orcagaric":3,"minecraft:gravel":1,"minecraft:porkchop":14,"minecraft:sand":18,"minecraft:cherry_log":11,"orcz:palisadedarkoak":1,"minecraft:white_bed":1,"regions_unexplored:purple_coneflower":25,"minecraft:tropical_fish":1,"minecraft:hay_block":7,"minecraft:cherry_sapling":3,"minecraft:oak_sapling":1,"minecraft:netherrack":1,"iceandfire:raw_silver":1,"minecraft:coal":24,"minecraft:skeleton_skull":1,"minecraft:cobblestone":48},"minecraft:killed":{"minecraft:pig":5,"minecraft:chicken":2,"minecraft:tropical_fish":1,"orcz:orcshield":1,"minecraft:cow":5},"minecraft:custom":{"minecraft:interact_with_furnace":13,"minecraft:mob_kills":14,"minecraft:interact_with_crafting_table":9,"minecraft:damage_dealt_resisted":1051,"minecraft:time_since_death":64413,"minecraft:time_since_rest":64413,"minecraft:sprint_one_cm":178328,"minecraft:damage_taken":1741,"minecraft:walk_one_cm":188595,"minecraft:drop":15,"minecraft:damage_dealt":1932,"minecraft:swim_one_cm":31900,"minecraft:fly_one_cm":216642,"minecraft:open_chest":19,"minecraft:crouch_one_cm":9306,"minecraft:play_time":64413,"minecraft:sneak_time":3663,"minecraft:walk_under_water_one_cm":3511,"minecraft:jump":1376,"minecraft:walk_on_water_one_cm":4062,"minecraft:total_world_time":64413,"minecraft:fall_one_cm":41763,"minecraft:horse_one_cm":425723},"minecraft:broken":{"minecraft:wooden_axe":1},"minecraft:dropped":{"minecraft:moss_carpet":2,"orcz:palisadedarkoak":1,"minecraft:birch_sapling":2,"minecraft:red_wool":2,"minecraft:tropical_fish":1,"minecraft:white_bed":1,"minecraft:emerald":2,"minecraft:torch":1,"minecraft:oak_sapling":1,"minecraft:oak_stairs":1,"minecraft:wooden_pickaxe":2,"minecraft:netherrack":1},"minecraft:crafted":{"minecraft:cherry_planks":4,"minecraft:oak_planks":76,"minecraft:cooked_porkchop":8,"minecraft:crafting_table":1,"minecraft:wooden_pickaxe":2,"minecraft:cooked_chicken":1,"minecraft:furnace":3,"minecraft:bread":21,"minecraft:air":0,"minecraft:stick":12,"minecraft:stone_pickaxe":1,"minecraft:wooden_axe":1,"minecraft:stone_sword":1,"minecraft:acacia_planks":4,"minecraft:torch":8,"minecraft:wheat":63}},"DataVersion":3465}