{"stats":{"minecraft:killed":{"minecraft:pig":5,"minecraft:chicken":2,"orcz:orcshield":1},"minecraft:crafted":{"minecraft:cherry_planks":4,"minecraft:oak_planks":52,"minecraft:cooked_porkchop":8,"minecraft:crafting_table":1,"minecraft:wooden_pickaxe":1,"minecraft:furnace":1,"minecraft:bread":21,"minecraft:air":0,"minecraft:stick":8,"minecraft:stone_pickaxe":1,"minecraft:wooden_axe":1,"minecraft:stone_sword":1,"minecraft:torch":8,"minecraft:wheat":63},"minecraft:custom":{"minecraft:interact_with_furnace":8,"minecraft:mob_kills":8,"minecraft:interact_with_crafting_table":6,"minecraft:damage_dealt_resisted":1051,"minecraft:time_since_death":47837,"minecraft:time_since_rest":47837,"minecraft:sprint_one_cm":148005,"minecraft:damage_taken":1528,"minecraft:walk_one_cm":149664,"minecraft:drop":5,"minecraft:damage_dealt":997,"minecraft:swim_one_cm":14769,"minecraft:fly_one_cm":176579,"minecraft:open_chest":11,"minecraft:crouch_one_cm":6270,"minecraft:play_time":47837,"minecraft:sneak_time":2504,"minecraft:walk_under_water_one_cm":577,"minecraft:jump":1116,"minecraft:walk_on_water_one_cm":1296,"minecraft:total_world_time":47837,"minecraft:fall_one_cm":36275},"minecraft:mined":{"minecraft:white_bed":1,"minecraft:cherry_planks":3,"minecraft:red_wool":4,"minecraft:blackstone":3,"minecraft:cherry_log":11,"minecraft:crafting_table":1,"minecraft:cobblestone":3,"regions_unexplored:purple_coneflower":10,"minecraft:oak_planks":1,"minecraft:wall_torch":1,"minecraft:pink_petals":26,"minecraft:skeleton_skull":1,"minecraft:hay_block":6,"minecraft:furnace":2,"orcz:orcagaric":3,"minecraft:moss_carpet":2,"minecraft:grass":22,"minecraft:oak_log":13,"minecraft:coal_ore":10,"minecraft:oak_stairs":1,"minecraft:cherry_leaves":27,"minecraft:gravel":1,"minecraft:dirt":6,"minecraft:stone":23,"minecraft:oak_leaves":7},"minecraft:picked_up":{"minecraft:pink_petals":60,"minecraft:crafting_table":1,"minecraft:feather":3,"minecraft:chicken":2,"minecraft:cherry_planks":3,"minecraft:oak_stairs":1,"minecraft:oak_log":13,"minecraft:dirt":6,"minecraft:moss_carpet":2,"minecraft:blackstone":3,"minecraft:birch_sapling":2,"minecraft:oak_planks":1,"minecraft:egg":1,"minecraft:furnace":2,"minecraft:stick":2,"minecraft:cooked_porkchop":1,"minecraft:red_wool":4,"minecraft:torch":2,"orcz:orcagaric":3,"minecraft:gravel":1,"minecraft:porkchop":14,"minecraft:cherry_log":11,"minecraft:white_bed":1,"orcz:palisadedarkoak":1,"regions_unexplored:purple_coneflower":25,"minecraft:hay_block":7,"minecraft:cherry_sapling":3,"minecraft:oak_sapling":1,"minecraft:coal":19,"minecraft:skeleton_skull":1,"minecraft:cobblestone":26},"minecraft:dropped":{"minecraft:birch_sapling":2,"minecraft:white_bed":1,"minecraft:oak_sapling":1,"minecraft:wooden_pickaxe":1},"minecraft:used":{"minecraft:stone_sword":112,"minecraft:stone_pickaxe":44,"minecraft:oak_planks":39,"minecraft:wooden_pickaxe":15,"minecraft:cherry_planks":3,"minecraft:torch":1,"minecraft:dirt":6,"minecraft:crafting_table":1,"minecraft:wooden_axe":54,"minecraft:red_wool":2,"minecraft:bread":15,"minecraft:gravel":1,"minecraft:cobblestone":13,"minecraft:furnace":2,"minecraft:cooked_porkchop":9},"minecraft:broken":{"minecraft:wooden_axe":1}},"DataVersion":3465}