{"stats":{"minecraft:killed":{"minecraft:sheep":3,"minecraft:chicken":3,"minecraft:cow":4},"minecraft:crafted":{"minecraft:cooked_beef":4,"minecraft:oak_planks":16,"iceandfire:silver_ingot":8,"minecraft:crafting_table":1,"minecraft:iron_helmet":1,"minecraft:wooden_pickaxe":1,"minecraft:cooked_chicken":1,"minecraft:furnace":1,"minecraft:birch_planks":28,"minecraft:stone_axe":1,"minecraft:air":0,"minecraft:stick":24,"minecraft:iron_ingot":6,"minecraft:stone_pickaxe":3,"minecraft:wooden_axe":1,"minecraft:stone_sword":1,"iceandfire:armor_silver_metal_boots":1,"minecraft:torch":32,"iceandfire:silver_pickaxe":1,"iceandfire:silver_sword":1},"minecraft:custom":{"minecraft:interact_with_furnace":20,"minecraft:mob_kills":11,"minecraft:interact_with_crafting_table":16,"minecraft:time_since_death":30139,"minecraft:time_since_rest":30139,"minecraft:sprint_one_cm":98935,"minecraft:damage_taken":582,"minecraft:walk_one_cm":41994,"minecraft:damage_dealt":1202,"minecraft:fly_one_cm":111690,"minecraft:crouch_one_cm":17468,"minecraft:play_time":30139,"minecraft:sneak_time":6525,"minecraft:jump":596,"minecraft:total_world_time":30139,"minecraft:fall_one_cm":16913},"minecraft:mined":{"iceandfire:silver_ore":13,"minecraft:crafting_table":5,"minecraft:torch":1,"minecraft:glow_lichen":1,"minecraft:grass_block":3,"minecraft:cobblestone":3,"minecraft:tall_grass":1,"minecraft:diorite":44,"minecraft:wall_torch":1,"boh:spinel_ore_ore":1,"minecraft:furnace":2,"minecraft:birch_log":7,"minecraft:iron_ore":7,"minecraft:birch_leaves":3,"minecraft:andesite":1,"minecraft:grass":8,"minecraft:coal_ore":66,"minecraft:pointed_dripstone":1,"minecraft:oak_log":6,"minecraft:gravel":2,"minecraft:dirt":1,"minecraft:stone":116},"minecraft:picked_up":{"minecraft:birch_log":7,"minecraft:crafting_table":5,"minecraft:feather":2,"minecraft:chicken":3,"minecraft:andesite":1,"minecraft:leather":3,"boh:spinel":1,"minecraft:oak_log":4,"minecraft:dirt":4,"minecraft:wheat_seeds":1,"minecraft:beef":7,"minecraft:furnace":2,"minecraft:raw_iron":7,"minecraft:torch":2,"minecraft:gravel":2,"minecraft:pointed_dripstone":1,"minecraft:diorite":44,"iceandfire:silver_ingot":3,"minecraft:coal":125,"minecraft:mutton":6,"minecraft:white_wool":3,"iceandfire:raw_silver":13,"minecraft:cobblestone":127},"minecraft:used":{"minecraft:stone_sword":22,"iceandfire:silver_sword":16,"minecraft:stone_pickaxe":156,"minecraft:wooden_pickaxe":60,"minecraft:cooked_chicken":1,"minecraft:torch":27,"minecraft:dirt":4,"minecraft:mutton":6,"minecraft:crafting_table":6,"iceandfire:silver_pickaxe":47,"minecraft:wooden_axe":9,"minecraft:chicken":2,"minecraft:stone_axe":1,"minecraft:cobblestone":46,"minecraft:furnace":3,"minecraft:cooked_beef":4},"minecraft:broken":{"minecraft:stone_pickaxe":1,"minecraft:wooden_pickaxe":1}},"DataVersion":3465}