{"stats":{"minecraft:killed":{"minecraft:sheep":3,"minecraft:chicken":3,"minecraft:cow":4},"minecraft:crafted":{"minecraft:cooked_beef":7,"minecraft:oak_planks":16,"iceandfire:silver_ingot":10,"minecraft:crafting_table":1,"minecraft:iron_helmet":1,"minecraft:wooden_pickaxe":1,"minecraft:cooked_chicken":1,"minecraft:furnace":1,"minecraft:birch_planks":28,"minecraft:stone_axe":1,"minecraft:air":0,"minecraft:stick":40,"minecraft:iron_ingot":6,"minecraft:stone_pickaxe":3,"minecraft:wooden_axe":1,"minecraft:stone_sword":1,"iceandfire:armor_silver_metal_boots":1,"minecraft:torch":96,"iceandfire:silver_pickaxe":1,"iceandfire:silver_sword":1},"minecraft:custom":{"minecraft:interact_with_furnace":24,"minecraft:mob_kills":13,"minecraft:interact_with_crafting_table":16,"minecraft:leave_game":1,"minecraft:time_since_death":37549,"minecraft:time_since_rest":37549,"minecraft:sprint_one_cm":129751,"minecraft:damage_taken":708,"minecraft:walk_one_cm":53021,"minecraft:damage_dealt":1672,"minecraft:fly_one_cm":135458,"minecraft:crouch_one_cm":18997,"minecraft:play_time":37549,"minecraft:sneak_time":7138,"minecraft:jump":733,"minecraft:total_world_time":37549,"minecraft:fall_one_cm":19998},"minecraft:mined":{"iceandfire:silver_ore":13,"minecraft:crafting_table":6,"minecraft:torch":1,"minecraft:glow_lichen":1,"minecraft:grass_block":3,"minecraft:cobblestone":5,"minecraft:tall_grass":1,"minecraft:diorite":45,"minecraft:wall_torch":1,"boh:spinel_ore_ore":3,"minecraft:furnace":3,"minecraft:birch_log":7,"minecraft:iron_ore":20,"minecraft:birch_leaves":3,"minecraft:andesite":3,"minecraft:grass":8,"minecraft:coal_ore":66,"minecraft:pointed_dripstone":1,"minecraft:oak_log":6,"minecraft:gravel":2,"minecraft:dirt":1,"minecraft:stone":118},"minecraft:picked_up":{"minecraft:birch_log":7,"minecraft:crafting_table":6,"minecraft:feather":2,"minecraft:chicken":3,"minecraft:andesite":3,"minecraft:leather":3,"boh:spinel":3,"minecraft:oak_log":4,"minecraft:dirt":4,"minecraft:wheat_seeds":1,"minecraft:beef":7,"minecraft:furnace":3,"minecraft:raw_iron":20,"minecraft:torch":2,"minecraft:gravel":2,"minecraft:pointed_dripstone":1,"minecraft:diorite":45,"iceandfire:silver_ingot":3,"minecraft:rotten_flesh":2,"minecraft:coal":175,"minecraft:mutton":6,"minecraft:white_wool":3,"iceandfire:raw_silver":13,"minecraft:cobblestone":131},"minecraft:used":{"minecraft:stone_sword":22,"iceandfire:silver_sword":23,"minecraft:stone_pickaxe":157,"minecraft:oak_planks":6,"minecraft:wooden_pickaxe":60,"minecraft:cooked_chicken":1,"minecraft:torch":39,"minecraft:dirt":4,"minecraft:mutton":6,"minecraft:crafting_table":6,"iceandfire:silver_pickaxe":69,"minecraft:wooden_axe":10,"minecraft:chicken":2,"minecraft:stone_axe":1,"minecraft:cobblestone":57,"minecraft:furnace":3,"minecraft:cooked_beef":6},"minecraft:broken":{"minecraft:stone_pickaxe":1,"minecraft:wooden_pickaxe":1}},"DataVersion":3465}