{"stats":{"minecraft:used":{"butcher:villager_corpse_item":2,"orcz:blue_orcshroom":1,"minecraft:diorite":7,"minecraft:stone_sword":22,"iceandfire:silver_sword":219,"minecraft:birch_planks":4,"minecraft:stone_pickaxe":159,"minecraft:oak_planks":6,"minecraft:wooden_pickaxe":60,"minecraft:cooked_chicken":12,"minecraft:torch":93,"minecraft:dirt":6,"minecraft:mutton":6,"minecraft:crafting_table":8,"iceandfire:silver_pickaxe":233,"minecraft:wooden_axe":15,"orcz:orcteeth_tool_sword":88,"minecraft:bread":2,"minecraft:oak_stairs":1,"minecraft:chicken":2,"minecraft:gravel":2,"minecraft:stone_axe":1,"minecraft:cobblestone":76,"minecraft:cooked_porkchop":5,"minecraft:furnace":6,"minecraft:andesite":4,"minecraft:oak_boat":1,"minecraft:cooked_beef":7,"minecraft:pointed_dripstone":1},"minecraft:mined":{"butcher:villagercorpse":1,"iceandfire:silver_ore":24,"minecraft:crafting_table":8,"minecraft:glow_lichen":1,"minecraft:torch":2,"minecraft:granite":2,"minecraft:allium":1,"minecraft:grass_block":7,"minecraft:tall_grass":5,"minecraft:cobblestone":5,"minecraft:sugar_cane":30,"minecraft:oak_planks":2,"minecraft:diorite":46,"minecraft:wall_torch":1,"boh:spinel_ore_ore":3,"minecraft:furnace":6,"minecraft:birch_log":7,"minecraft:iron_ore":102,"minecraft:andesite":5,"minecraft:birch_leaves":3,"minecraft:pumpkin":5,"minecraft:grass":56,"minecraft:oak_log":6,"minecraft:pointed_dripstone":1,"minecraft:coal_ore":69,"minecraft:oak_stairs":1,"minecraft:gravel":3,"minecraft:dirt":7,"regions_unexplored:apple_oak_leaves":4,"regions_unexplored:medium_grass":2,"minecraft:stone":161,"minecraft:oak_leaves":2,"minecraft:fern":2},"minecraft:picked_up":{"minecraft:birch_log":7,"minecraft:crafting_table":8,"butcher:butchers_knife":1,"minecraft:feather":8,"orcz:orcteeth":17,"minecraft:chicken":14,"minecraft:andesite":4,"minecraft:leather":11,"boh:spinel":3,"minecraft:oak_stairs":1,"minecraft:flint":3,"minecraft:oak_log":4,"minecraft:dirt":7,"minecraft:acacia_planks":3,"minecraft:wheat_seeds":3,"butcher:villager_corpse_item":2,"minecraft:iron_ingot":1,"minecraft:beef":23,"minecraft:oak_boat":2,"minecraft:sugar_cane":62,"minecraft:egg":12,"minecraft:furnace":6,"minecraft:raw_iron":103,"minecraft:cooked_porkchop":4,"minecraft:pumpkin":5,"minecraft:torch":5,"minecraft:gravel":2,"minecraft:porkchop":8,"orcz:blue_orcshroom":1,"minecraft:pointed_dripstone":1,"minecraft:diorite":51,"minecraft:spider_eye":2,"iceandfire:silver_ingot":3,"minecraft:rotten_flesh":7,"minecraft:coal":269,"minecraft:mutton":7,"iceandfire:raw_silver":24,"minecraft:white_wool":4,"minecraft:cobblestone":164},"minecraft:killed":{"minecraft:pig":4,"minecraft:witch":1,"orcz:goblinsavagemace":2,"minecraft:spider":1,"minecraft:sheep":4,"iceandfire:ghost":1,"minecraft:chicken":15,"orcz:goblin_2sword":2,"orcz:orcsavage_2sword":2,"orcz:snot":4,"orcz:orcshield":2,"minecraft:cow":11},"minecraft:custom":{"minecraft:interact_with_furnace":57,"minecraft:mob_kills":54,"minecraft:interact_with_crafting_table":34,"minecraft:leave_game":1,"minecraft:time_since_death":83489,"minecraft:time_since_rest":83489,"minecraft:sprint_one_cm":396679,"minecraft:damage_taken":1372,"minecraft:walk_one_cm":192433,"minecraft:drop":10,"minecraft:damage_dealt":6273,"minecraft:talked_to_villager":12,"minecraft:swim_one_cm":12481,"minecraft:fly_one_cm":585120,"minecraft:open_chest":7,"minecraft:crouch_one_cm":27096,"minecraft:play_time":83489,"minecraft:sneak_time":9421,"minecraft:walk_under_water_one_cm":5626,"minecraft:jump":2387,"minecraft:walk_on_water_one_cm":16484,"minecraft:total_world_time":83489,"minecraft:fall_one_cm":75438},"minecraft:broken":{"minecraft:stone_pickaxe":1,"minecraft:wooden_pickaxe":1},"minecraft:dropped":{"minecraft:iron_ingot":1,"minecraft:cobblestone":2,"minecraft:feather":8,"minecraft:rotten_flesh":7,"orcz:orcteeth_tool_sword":1,"minecraft:flint":2,"minecraft:diorite":38,"minecraft:oak_boat":1,"minecraft:spider_eye":2},"minecraft:crafted":{"minecraft:cooked_beef":7,"minecraft:oak_planks":16,"orcz:orcteeth_tool_sword":2,"minecraft:cooked_porkchop":1,"iceandfire:silver_ingot":10,"minecraft:crafting_table":1,"minecraft:iron_helmet":1,"minecraft:wooden_pickaxe":1,"minecraft:cooked_chicken":12,"minecraft:iron_sword":1,"minecraft:furnace":1,"minecraft:birch_planks":28,"minecraft:stone_axe":1,"minecraft:air":0,"minecraft:iron_chestplate":1,"minecraft:stick":48,"minecraft:iron_ingot":25,"minecraft:iron_pickaxe":1,"minecraft:stone_pickaxe":3,"minecraft:wooden_axe":1,"minecraft:stone_sword":1,"minecraft:iron_leggings":1,"iceandfire:armor_silver_metal_boots":1,"minecraft:torch":96,"iceandfire:silver_pickaxe":2,"iceandfire:silver_sword":1}},"DataVersion":3465}