{"stats":{"minecraft:crafted":{"minecraft:stone_sword":1,"minecraft:oak_planks":16,"minecraft:torch":12,"minecraft:birch_planks":28,"minecraft:stone_axe":1,"minecraft:crafting_table":1,"minecraft:stick":12,"minecraft:wooden_pickaxe":1,"minecraft:stone_pickaxe":1,"minecraft:wooden_axe":1},"minecraft:custom":{"minecraft:time_since_rest":6139,"minecraft:crouch_one_cm":7427,"minecraft:play_time":6139,"minecraft:sprint_one_cm":2551,"minecraft:damage_taken":60,"minecraft:walk_one_cm":7994,"minecraft:sneak_time":2661,"minecraft:jump":37,"minecraft:damage_dealt":20,"minecraft:time_since_death":6139,"minecraft:total_world_time":6139,"minecraft:fall_one_cm":1639,"minecraft:interact_with_crafting_table":3,"minecraft:fly_one_cm":7346},"minecraft:mined":{"minecraft:coal_ore":26,"minecraft:oak_log":6,"minecraft:birch_log":7,"minecraft:stone":51,"minecraft:birch_leaves":3,"minecraft:diorite":16,"minecraft:crafting_table":1},"minecraft:picked_up":{"minecraft:birch_log":7,"minecraft:crafting_table":1,"minecraft:oak_log":4,"minecraft:diorite":16,"minecraft:coal":23,"minecraft:cobblestone":51},"minecraft:used":{"minecraft:torch":1,"minecraft:wooden_axe":8,"minecraft:crafting_table":2,"minecraft:stone_pickaxe":69,"minecraft:wooden_pickaxe":24}},"DataVersion":3465}