{"stats":{"minecraft:used":{"orcz:blue_orcshroom":1,"minecraft:stone_sword":22,"iceandfire:silver_sword":305,"minecraft:cooked_salmon":6,"minecraft:cooked_chicken":12,"minecraft:torch":101,"minecraft:dirt":6,"minecraft:mutton":7,"travelersbackpack:iron":4,"minecraft:wooden_axe":15,"minecraft:oak_stairs":1,"minecraft:beef":12,"minecraft:furnace":9,"minecraft:cooked_beef":9,"minecraft:potato":1,"minecraft:pointed_dripstone":1,"butcher:villager_corpse_item":2,"minecraft:diorite":13,"minecraft:birch_planks":4,"minecraft:stone_pickaxe":159,"minecraft:oak_planks":6,"minecraft:wooden_pickaxe":60,"iceandfire:dragon_skull_lightning":3,"minecraft:white_wool":1,"minecraft:crafting_table":10,"iceandfire:silver_pickaxe":294,"orcz:orcteeth_tool_sword":280,"minecraft:apple":2,"minecraft:cherry_door":2,"minecraft:chicken":2,"minecraft:bread":4,"minecraft:gravel":2,"minecraft:stone_axe":41,"travelersbackpack:standard":2,"minecraft:cobblestone":77,"minecraft:cooked_porkchop":5,"minecraft:andesite":4,"minecraft:yellow_bed":1,"minecraft:pumpkin_pie":4,"minecraft:oak_boat":1},"minecraft:mined":{"butcher:villagercorpse":1,"iceandfire:silver_ore":27,"minecraft:glow_lichen":1,"minecraft:granite":5,"minecraft:allium":1,"minecraft:grass_block":7,"regions_unexplored:purple_coneflower":2,"travelersbackpack:iron":1,"minecraft:tall_seagrass":2,"minecraft:redstone_ore":6,"minecraft:furnace":7,"minecraft:iron_ore":129,"minecraft:andesite":5,"minecraft:pumpkin":5,"minecraft:pointed_dripstone":1,"minecraft:oak_stairs":1,"regions_unexplored:apple_oak_leaves":9,"regions_unexplored:medium_grass":2,"minecraft:stone":178,"minecraft:white_wool":1,"minecraft:crafting_table":10,"minecraft:torch":2,"minecraft:cobblestone":5,"minecraft:tall_grass":5,"minecraft:oak_planks":2,"minecraft:sugar_cane":33,"minecraft:diorite":46,"minecraft:wall_torch":1,"minecraft:seagrass":7,"boh:spinel_ore_ore":3,"minecraft:birch_log":7,"minecraft:birch_leaves":3,"minecraft:cherry_door":1,"minecraft:grass":61,"minecraft:coal_ore":69,"minecraft:oak_log":26,"minecraft:gravel":3,"minecraft:sand":35,"minecraft:dirt":7,"minecraft:acacia_planks":2,"minecraft:gold_ore":2,"minecraft:oak_leaves":8,"minecraft:fern":2},"minecraft:picked_up":{"minecraft:wooden_axe":1,"iceandfire:dragon_skull_lightning":4,"minecraft:iron_chestplate":1,"minecraft:crafting_table":9,"minecraft:chicken":15,"boh:spinel":3,"minecraft:oak_stairs":1,"minecraft:cooked_salmon":19,"minecraft:iron_leggings":1,"minecraft:beef":28,"minecraft:oak_boat":2,"minecraft:iron_pickaxe":1,"minecraft:spruce_slab":40,"minecraft:sugar_cane":71,"minecraft:spruce_trapdoor":1,"minecraft:furnace":7,"minecraft:egg":13,"iceandfire:dragonbone":12,"minecraft:stick":41,"minecraft:raw_iron":130,"minecraft:oak_fence":28,"minecraft:torch":5,"minecraft:porkchop":8,"iceandfire:rotten_egg":1,"minecraft:cherry_log":8,"minecraft:pointed_dripstone":1,"minecraft:diorite":51,"travelersbackpack:iron":1,"regions_unexplored:purple_coneflower":1,"iceandfire:armor_silver_metal_boots":1,"minecraft:stone_sword":1,"iceandfire:silver_ingot":3,"minecraft:rotten_flesh":7,"minecraft:gold_ingot":2,"minecraft:mutton":24,"minecraft:cobblestone":179,"minecraft:white_wool":16,"minecraft:birch_log":7,"butcher:villager_meat":2,"minecraft:cooked_beef":2,"minecraft:feather":10,"orcz:orcteeth":39,"butcher:butchers_knife":1,"minecraft:andesite":4,"minecraft:salmon":70,"minecraft:leather":15,"minecraft:potato":5,"minecraft:flint":3,"minecraft:oak_log":24,"minecraft:yellow_bed":1,"minecraft:cherry_door":3,"minecraft:dirt":7,"minecraft:acacia_planks":12,"minecraft:wheat_seeds":5,"orcz:orcteeth_tool_sword":1,"minecraft:raw_gold":2,"minecraft:stone_pickaxe":1,"minecraft:iron_ingot":32,"butcher:villager_corpse_item":2,"minecraft:iron_sword":1,"minecraft:oak_planks":4,"minecraft:dark_oak_slab":42,"minecraft:cooked_porkchop":4,"minecraft:pumpkin":5,"minecraft:gravel":2,"orcz:blue_orcshroom":1,"minecraft:sand":35,"minecraft:ink_sac":6,"minecraft:spider_eye":3,"iceandfire:silver_pickaxe":2,"minecraft:stone_axe":1,"iceandfire:silver_sword":1,"butcher:butchersguidebook":1,"minecraft:iron_helmet":1,"minecraft:cherry_sapling":6,"minecraft:bone_meal":6,"orcz:ironscrap":1,"minecraft:cherry_slab":1,"minecraft:black_wool":1,"minecraft:dark_oak_fence":10,"minecraft:coal":288,"iceandfire:raw_silver":41,"regions_unexplored:apple_oak_sapling":1},"minecraft:killed":{"minecraft:witch":1,"minecraft:spider":1,"minecraft:chicken":16,"orcz:orcsavagemace":2,"orcz:orcsavageweird":1,"boh:rat":1,"minecraft:pig":4,"orcz:goblinsavagemace":5,"minecraft:salmon":70,"minecraft:sheep":15,"iceandfire:ghost":1,"orcz:snot":4,"orcz:orcsavage_2sword":3,"orcz:goblin_2sword":2,"orcz:orcshield":5,"minecraft:cow":14},"minecraft:custom":{"minecraft:mob_kills":150,"minecraft:interact_with_crafting_table":87,"minecraft:damage_dealt_resisted":2138,"minecraft:leave_game":1,"minecraft:time_since_death":51667,"minecraft:climb_one_cm":424,"minecraft:sprint_one_cm":626852,"minecraft:walk_one_cm":299286,"minecraft:drop":15,"minecraft:talked_to_villager":12,"minecraft:play_time":173489,"minecraft:deaths":1,"minecraft:sneak_time":10498,"minecraft:walk_under_water_one_cm":37033,"minecraft:jump":3405,"minecraft:walk_on_water_one_cm":67634,"minecraft:total_world_time":173489,"minecraft:interact_with_furnace":149,"minecraft:sleep_in_bed":8,"minecraft:time_since_rest":5439,"minecraft:damage_taken":2509,"minecraft:damage_dealt":12178,"minecraft:fly_one_cm":819881,"minecraft:swim_one_cm":112085,"minecraft:open_chest":9,"minecraft:crouch_one_cm":30457,"minecraft:fall_one_cm":93477},"minecraft:broken":{"minecraft:wooden_pickaxe":1,"minecraft:stone_pickaxe":1,"orcz:orcteeth_tool_sword":1},"minecraft:crafted":{"minecraft:oak_planks":52,"travelersbackpack:iron":1,"orcz:orcteeth_tool_sword":8,"minecraft:cooked_chicken":12,"minecraft:furnace":2,"minecraft:glass":35,"iceandfire:armor_silver_metal_chestplate":1,"travelersbackpack:white_sleeping_bag":3,"minecraft:iron_boots":1,"minecraft:stone_pickaxe":3,"orcz:orcteeth_tool_pickaxe":1,"minecraft:chest":2,"iceandfire:armor_silver_metal_boots":1,"minecraft:cooked_beef":11,"minecraft:sugar":20,"iceandfire:silver_ingot":24,"minecraft:cooked_porkchop":1,"minecraft:crafting_table":1,"travelersbackpack:backpack_tank":4,"minecraft:wooden_pickaxe":1,"minecraft:iron_helmet":1,"travelersbackpack:standard":2,"minecraft:iron_sword":1,"minecraft:cooked_salmon":35,"minecraft:birch_planks":28,"minecraft:stone_axe":1,"minecraft:air":0,"iceandfire:armor_silver_metal_helmet":1,"minecraft:iron_chestplate":1,"minecraft:paper":42,"minecraft:stick":92,"minecraft:iron_ingot":64,"minecraft:iron_pickaxe":1,"minecraft:wooden_axe":1,"minecraft:stone_sword":1,"minecraft:iron_leggings":1,"minecraft:gold_ingot":2,"minecraft:pumpkin_pie":5,"minecraft:torch":152,"iceandfire:silver_pickaxe":2,"iceandfire:silver_sword":1},"minecraft:dropped":{"minecraft:iron_ingot":1,"minecraft:feather":8,"minecraft:cobblestone":2,"minecraft:flint":2,"minecraft:diorite":38,"minecraft:gold_ingot":1,"minecraft:rotten_flesh":7,"minecraft:oak_planks":2,"orcz:orcteeth_tool_sword":4,"minecraft:oak_boat":1,"minecraft:spider_eye":2}},"DataVersion":3465}