{"stats":{"minecraft:used":{"minecraft:stone_sword":22,"iceandfire:silver_sword":66,"minecraft:stone_pickaxe":159,"minecraft:oak_planks":6,"minecraft:wooden_pickaxe":60,"minecraft:cooked_chicken":1,"minecraft:torch":39,"minecraft:dirt":4,"minecraft:mutton":6,"minecraft:crafting_table":8,"iceandfire:silver_pickaxe":93,"minecraft:wooden_axe":12,"minecraft:chicken":2,"minecraft:gravel":2,"minecraft:stone_axe":1,"minecraft:cobblestone":76,"minecraft:furnace":5,"minecraft:andesite":4,"minecraft:cooked_beef":7},"minecraft:mined":{"iceandfire:silver_ore":13,"minecraft:crafting_table":7,"minecraft:glow_lichen":1,"minecraft:torch":1,"minecraft:grass_block":4,"minecraft:tall_grass":4,"minecraft:cobblestone":5,"minecraft:oak_planks":1,"minecraft:diorite":45,"minecraft:wall_torch":1,"boh:spinel_ore_ore":3,"minecraft:furnace":5,"minecraft:birch_log":7,"minecraft:iron_ore":27,"minecraft:andesite":5,"minecraft:birch_leaves":3,"minecraft:pumpkin":5,"minecraft:grass":11,"minecraft:oak_log":6,"minecraft:pointed_dripstone":1,"minecraft:coal_ore":66,"minecraft:oak_stairs":1,"minecraft:gravel":2,"minecraft:dirt":2,"minecraft:stone":125},"minecraft:picked_up":{"minecraft:birch_log":7,"minecraft:crafting_table":7,"minecraft:feather":2,"orcz:orcteeth":3,"minecraft:chicken":3,"minecraft:andesite":4,"minecraft:leather":3,"boh:spinel":3,"minecraft:oak_stairs":1,"minecraft:oak_log":4,"minecraft:dirt":6,"minecraft:wheat_seeds":1,"minecraft:iron_ingot":1,"minecraft:beef":7,"minecraft:furnace":5,"minecraft:raw_iron":28,"minecraft:cooked_porkchop":4,"minecraft:pumpkin":5,"minecraft:torch":3,"minecraft:gravel":2,"minecraft:porkchop":5,"orcz:blue_orcshroom":1,"minecraft:pointed_dripstone":1,"minecraft:diorite":45,"iceandfire:silver_ingot":3,"minecraft:rotten_flesh":2,"minecraft:coal":238,"minecraft:mutton":6,"iceandfire:raw_silver":13,"minecraft:white_wool":3,"minecraft:cobblestone":138},"minecraft:killed":{"minecraft:pig":3,"minecraft:sheep":3,"minecraft:chicken":3,"orcz:orcsavage_2sword":1,"orcz:snot":3,"minecraft:cow":4},"minecraft:custom":{"minecraft:interact_with_furnace":44,"minecraft:mob_kills":20,"minecraft:interact_with_crafting_table":24,"minecraft:leave_game":1,"minecraft:time_since_death":47489,"minecraft:time_since_rest":47489,"minecraft:sprint_one_cm":136256,"minecraft:damage_taken":718,"minecraft:walk_one_cm":86732,"minecraft:damage_dealt":2289,"minecraft:fly_one_cm":153411,"minecraft:crouch_one_cm":20028,"minecraft:play_time":47489,"minecraft:sneak_time":7319,"minecraft:walk_under_water_one_cm":4133,"minecraft:jump":854,"minecraft:walk_on_water_one_cm":1595,"minecraft:total_world_time":47489,"minecraft:fall_one_cm":22773},"minecraft:broken":{"minecraft:stone_pickaxe":1,"minecraft:wooden_pickaxe":1},"minecraft:crafted":{"minecraft:cooked_beef":7,"minecraft:oak_planks":16,"iceandfire:silver_ingot":10,"minecraft:crafting_table":1,"minecraft:iron_helmet":1,"minecraft:wooden_pickaxe":1,"minecraft:cooked_chicken":1,"minecraft:iron_sword":1,"minecraft:furnace":1,"minecraft:birch_planks":28,"minecraft:stone_axe":1,"minecraft:air":0,"minecraft:iron_chestplate":1,"minecraft:stick":48,"minecraft:iron_ingot":25,"minecraft:iron_pickaxe":1,"minecraft:stone_pickaxe":3,"minecraft:wooden_axe":1,"minecraft:stone_sword":1,"minecraft:iron_leggings":1,"iceandfire:armor_silver_metal_boots":1,"minecraft:torch":96,"iceandfire:silver_pickaxe":2,"iceandfire:silver_sword":1}},"DataVersion":3465}