{"stats":{"minecraft:crafted":{"minecraft:oak_planks":16,"iceandfire:silver_ingot":5,"minecraft:crafting_table":1,"minecraft:stick":20,"minecraft:iron_ingot":3,"minecraft:cooked_chicken":1,"minecraft:wooden_pickaxe":1,"minecraft:stone_pickaxe":3,"minecraft:wooden_axe":1,"minecraft:stone_sword":1,"minecraft:furnace":1,"iceandfire:silver_pickaxe":1,"minecraft:birch_planks":28,"minecraft:torch":12,"iceandfire:silver_sword":1,"minecraft:stone_axe":1,"minecraft:air":0},"minecraft:killed":{"minecraft:sheep":3,"minecraft:chicken":3},"minecraft:custom":{"minecraft:time_since_rest":18139,"minecraft:interact_with_furnace":5,"minecraft:sprint_one_cm":44305,"minecraft:damage_taken":240,"minecraft:walk_one_cm":25758,"minecraft:mob_kills":6,"minecraft:damage_dealt":514,"minecraft:interact_with_crafting_table":9,"minecraft:fly_one_cm":73431,"minecraft:crouch_one_cm":13248,"minecraft:play_time":18139,"minecraft:sneak_time":5364,"minecraft:jump":355,"minecraft:time_since_death":18139,"minecraft:total_world_time":18139,"minecraft:fall_one_cm":10420},"minecraft:mined":{"iceandfire:silver_ore":8,"minecraft:iron_ore":6,"minecraft:birch_log":7,"minecraft:andesite":1,"minecraft:birch_leaves":3,"minecraft:glow_lichen":1,"minecraft:torch":1,"minecraft:crafting_table":2,"minecraft:pointed_dripstone":1,"minecraft:grass":6,"minecraft:grass_block":3,"minecraft:oak_log":6,"minecraft:coal_ore":42,"minecraft:gravel":2,"minecraft:dirt":1,"minecraft:tall_grass":1,"minecraft:cobblestone":1,"minecraft:stone":111,"minecraft:diorite":44,"minecraft:wall_torch":1},"minecraft:picked_up":{"minecraft:birch_log":7,"minecraft:raw_iron":6,"minecraft:crafting_table":2,"minecraft:feather":2,"minecraft:chicken":3,"minecraft:andesite":1,"minecraft:torch":2,"minecraft:gravel":2,"minecraft:oak_log":4,"minecraft:pointed_dripstone":1,"minecraft:diorite":44,"minecraft:dirt":4,"minecraft:wheat_seeds":1,"minecraft:mutton":6,"minecraft:coal":42,"iceandfire:raw_silver":8,"minecraft:white_wool":3,"minecraft:cobblestone":120},"minecraft:used":{"iceandfire:silver_pickaxe":7,"minecraft:wooden_axe":8,"minecraft:stone_sword":22,"minecraft:chicken":2,"minecraft:stone_pickaxe":156,"minecraft:wooden_pickaxe":60,"minecraft:cooked_chicken":1,"minecraft:stone_axe":1,"minecraft:torch":14,"minecraft:mutton":6,"minecraft:cobblestone":2,"minecraft:crafting_table":3,"minecraft:furnace":1},"minecraft:broken":{"minecraft:stone_pickaxe":1,"minecraft:wooden_pickaxe":1}},"DataVersion":3465}